media_asset_id,video_id,source_id,file_path,original_local_media,source_url,direct_url,license_or_usage_note,is_derivative,start_sec,end_sec,transform_note,sha256,bytes,status,error
vdcr_v1_000001,vdcr_000001,vdcr_archive_b03_000032,release/media/videos/vdcr_v1_000001.mp4,media/vdcr_raw_pilot_v1/vdcr_archive_b03_000032.mp4,https://archive.org/details/yt_0sclkA3hoMk,https://archive.org/download/yt_0sclkA3hoMk/0sclkA3hoMk.mp4,archive_license_verify_on_page,false,,,,9dc706b3e903dddfd692972e8265a842fdbb5d0bcae1bbd595b56eca8f1716c8,847607,existing_release,
vdcr_v1_000002,vdcr_000002,vdcr_archive_b03_000035,release/media/videos/vdcr_v1_000002.mp4,media/vdcr_raw_pilot_v1/vdcr_archive_b03_000035.mp4,https://archive.org/details/yt_pCpgtHum0oA,https://archive.org/download/yt_pCpgtHum0oA/pCpgtHum0oA.mp4,archive_license_verify_on_page,false,,,,1f2bac02bfcfa2140a645e73f76a5986bfc041c42b64fa6762059f09df87cbf8,601539,existing_release,
vdcr_v1_000003,vdcr_000003,vdcr_archive_only_000025,release/media/videos/vdcr_v1_000003.mp4,media/vdcr_segments_pilot_v1/vdcr_archive_only_000025_seg_005000_034000.mp4,https://archive.org/details/youtube-vklY1bHIi1I,https://archive.org/download/youtube-vklY1bHIi1I/vklY1bHIi1I.mp4,archive_license_verify_on_page,true,5.0,34.0,seg_005000_034000,806c5a6b2e6437563090ce4c6560fee8852c9e848ff6e3444db39d2e8b2814e6,2112650,existing_release,
vdcr_v1_000004,vdcr_000004,vdcr_archive_b02_000010,release/media/videos/vdcr_v1_000004.mp4,media/vdcr_segments_pilot_v1/vdcr_archive_b02_000010_seg_030000_060000.mp4,https://archive.org/details/youtube-VjPQA8aXE_M,https://archive.org/download/youtube-VjPQA8aXE_M/VjPQA8aXE_M.mp4,archive_license_verify_on_page,true,30.0,60.0,seg_030000_060000,fc27ca8f0b70dd82c3233db5e9d63369d169deb5e49d4447073459f56b9d8bad,1082121,existing_release,
vdcr_v1_000005,vdcr_000005,vdcr_archive_b04_000014,release/media/videos/vdcr_v1_000005.mp4,media/vdcr_segments_pilot_v1/vdcr_archive_b04_000014_seg_003000_145000.mp4,https://archive.org/details/DoublePendulum,https://archive.org/download/DoublePendulum/DoublePendulum_512kb.mp4,http://creativecommons.org/licenses/by-sa/3.0/us/,true,3.0,145.0,seg_003000_145000,8338bc1645b2c9ffd13fa68bdd682da38c224d4fa2b2ced45f5be5b074397a1e,6756225,existing_release,
vdcr_v1_000006,vdcr_000006,vdcr_archive_b02_000045,release/media/videos/vdcr_v1_000006.ogv,media/vdcr_raw_pilot_v1/vdcr_archive_b02_000045.ogv,https://archive.org/details/Flickr-38609728842,https://archive.org/download/Flickr-38609728842/Starling_Murmuration-38609728842.ogv,https://creativecommons.org/licenses/by/2.0/,false,,,,33c37967458228a370efe5fb5c0120170839e7eb55d662e3a5c60fdd0c0f805e,7420577,existing_release,
vdcr_v1_000007,vdcr_000007,vdcr_archive_b05_000008,release/media/videos/vdcr_v1_000007.ogv,media/vdcr_raw_pilot_v1/vdcr_archive_b05_000008.ogv,https://archive.org/details/MSFC-0300185,https://archive.org/download/MSFC-0300185/0300185.ogv,archive_license_verify_on_page,false,,,,ca3e78bb513d9df638076765648965522e51d0d938d394b0a0b462466b6eb83f,414324,existing_release,
vdcr_v1_000008,vdcr_000008,vdcr_archive_b03_000054,release/media/videos/vdcr_v1_000008.ogv,media/vdcr_segments_pilot_v1/vdcr_archive_b03_000054_seg_300000_390000.ogv,https://archive.org/details/WaSeUMCEMC4178AvalancheDynamics,https://archive.org/download/WaSeUMCEMC4178AvalancheDynamics/WaSeUMC_EMC4-178_AvalancheDynamics_uncorrected.ogv,http://creativecommons.org/licenses/by-nc-sa/3.0/,true,300.0,390.0,seg_300000_390000,d27f26b848d8b2d2b5edefeafa4e20998cd7cd78b73f25e6ea9d631d378d3551,8234218,existing_release,
vdcr_v1_000009,vdcr_000009,vdcr_archive_b02_000007,release/media/videos/vdcr_v1_000009.webm,media/vdcr_segments_pilot_v1/vdcr_archive_b02_000007_seg_000000_090000.webm,https://archive.org/details/youtube-r7pijdgK670,https://archive.org/download/youtube-r7pijdgK670/r7pijdgK670.webm,archive_license_verify_on_page,true,0.0,90.0,seg_000000_090000,a445a1b2515ffed041624ba6975bb48a2d6d0d6104799ac15f4ad5a2cb2da015,9787424,existing_release,
vdcr_v1_000010,vdcr_000010,vdcr_archive_earth_000008,release/media/videos/vdcr_v1_000010.mp4,media/vdcr_segments_pilot_v1/vdcr_archive_earth_000008_seg_1825000_1860000.mp4,https://archive.org/details/erputive-phenomea,https://archive.org/download/erputive-phenomea/erputive-phenomea.mp4,archive_license_verify_on_page,true,1825.0,1860.0,seg_1825000_1860000,daa144508364f70bdeeec40962d103d1feb996d8063d64a9a4431d74d58901cb,6131961,existing_release,
vdcr_v1_000011,vdcr_000011,vdcr_archive_earth_000014,release/media/videos/vdcr_v1_000011.mp4,media/vdcr_segments_pilot_v1/vdcr_archive_earth_000014_seg_042000_055000.mp4,https://archive.org/details/vimeo-303438254,https://archive.org/download/vimeo-303438254/GREENLAND_-_THE_MELTING_ISLAND_4K-303438254.mp4,archive_license_verify_on_page,true,42.0,55.0,seg_042000_055000,435551ae424c566954a811af9bdff8878205c11d189bf95e6246eedcdb373e1f,25841738,existing_release,
vdcr_v1_000012,vdcr_000012,vdcr_archive_b02_000006,release/media/videos/vdcr_v1_000012.mp4,media/vdcr_segments_pilot_v1/vdcr_archive_b02_000006_seg_270000_280000_crop.mp4,https://archive.org/details/youtube-f9CVF4yLluY,https://archive.org/download/youtube-f9CVF4yLluY/f9CVF4yLluY.mp4,archive_license_verify_on_page,true,270.0,280.0,seg_270000_280000_crop,f10a8709436cf0df1c598fa3b098a721eb9423ad86822d977a953e13071900f3,1895194,existing_release,
vdcr_v1_000013,vdcr_000013,vdcr_archive_b03_000028,release/media/videos/vdcr_v1_000013.mp4,media/vdcr_segments_pilot_v1/vdcr_archive_b03_000028_seg_075000_115000.mp4,https://archive.org/details/ccpamd-amoeba,https://archive.org/download/ccpamd-amoeba/amoeba.mp4,archive_license_verify_on_page,true,75.0,115.0,seg_075000_115000,723308ff0c715abe4248a43a6c81be234665ac5d5d836e7ef0258dfeecfb2418,2872116,existing_release,
vdcr_v1_000014,vdcr_000014,vdcr_archive_b03_000027,release/media/videos/vdcr_v1_000014.mp4,media/vdcr_raw_pilot_v1/vdcr_archive_b03_000027.mp4,https://archive.org/details/wikimedia-org-Mimosa_pudica_leaves_folding_when_touched_3,https://archive.org/download/wikimedia-org-Mimosa_pudica_leaves_folding_when_touched_3/Mimosa_pudica_leaves_folding_when_touched_3.mp4,archive_license_verify_on_page,false,,,,72c5353dfbc57ee2579a230b2cf6e92b1c4c303d359af66fa38cf162742a3dd8,1123494,downloaded,
vdcr_v1_000015,vdcr_000015,vdcr_archive_b02_000004,release/media/videos/vdcr_v1_000015.mp4,media/vdcr_segments_pilot_v1/vdcr_archive_b02_000004_seg_178000_196000.mp4,https://archive.org/details/youtube-4AxiXS9n0dw,https://archive.org/download/youtube-4AxiXS9n0dw/4AxiXS9n0dw.mp4,archive_license_verify_on_page,true,178.0,196.0,seg_178000_196000,22cbf1d084425e825fffb198f25bfe03ce46f6cb3df2ae6040857f50354da5c3,1744658,existing_release,
vdcr_v1_000016,vdcr_000016,vdcr_archive_earth_000010,release/media/videos/vdcr_v1_000016.ogv,media/vdcr_segments_pilot_v1/vdcr_archive_earth_000010_seg_120000_145000.ogv,https://archive.org/details/volcanoes,https://archive.org/download/volcanoes/volcanoes.ogv,http://creativecommons.org/licenses/publicdomain/,true,120.0,145.0,seg_120000_145000,051c2b63089ad155b555756d9c742d49a037c475fb4d61bee081382713d78c01,6010022,existing_release,
vdcr_v1_000017,vdcr_000017,vdcr_archive_b03_000057,release/media/videos/vdcr_v1_000017.ogv,media/vdcr_segments_pilot_v1/vdcr_archive_b03_000057_seg_034000_050000_crop.ogv,https://archive.org/details/B.C.FirefighterCapturesVideoOfFireWhirl,https://archive.org/download/B.C.FirefighterCapturesVideoOfFireWhirl/B.C.%20firefighter%20captures%20video%20of%20fire%20whirl-.ogv,archive_license_verify_on_page,true,34.0,50.0,seg_034000_050000_crop,533d9d35cd456e671c253fe88740a2b6e6913db5fa1054b679fd86cc6abdc199,899999,existing_release,
vdcr_v1_000018,vdcr_000018,vdcr_commons_mr1_000001,release/media/videos/vdcr_v1_000018.mp4,media/vdcr_commons_manual_segments_round1_v1/vdcr_commons_mr1_000001_seg_008000_020000.mp4,https://commons.wikimedia.org/wiki/File:Chemical_garden_growing.webm,https://upload.wikimedia.org/wikipedia/commons/b/b5/Chemical_garden_growing.webm,CC-BY-3.0 reviewed YouTube source on Commons,true,8.0,20.0,seg_008000_020000,66c5dd617968262f232ddc886351a336c735f33bebbb5937257874ac028c9353,368211,existing_release,
vdcr_v1_000019,vdcr_000019,vdcr_commons_mr1_000002,release/media/videos/vdcr_v1_000019.mp4,media/vdcr_commons_manual_segments_round1_v1/vdcr_commons_mr1_000002_seg_020000_150000.mp4,https://commons.wikimedia.org/wiki/File:Blue_bottle_(chemical_reaction).webm,https://upload.wikimedia.org/wikipedia/commons/9/96/Blue_bottle_%28chemical_reaction%29.webm,CC-BY-3.0 reviewed YouTube source on Commons,true,20.0,150.0,seg_020000_150000,d944cef3ea77c0d588046d044fbd0e69b4f2c6867b085a9d94e5e23d9e17b2b0,7390080,existing_release,
vdcr_v1_000020,vdcr_000020,vdcr_commons_mr1_000003,release/media/videos/vdcr_v1_000020.webm,media/vdcr_commons_manual_round1_v1/vdcr_commons_mr1_000003.webm,https://commons.wikimedia.org/wiki/File:Phototropism_in_Solanum_lycopersicum.webm,https://upload.wikimedia.org/wikipedia/commons/a/aa/Phototropism_in_Solanum_lycopersicum.webm,CC-BY reviewed YouTube source on Commons,false,,,,f65c5a211cf6e1d8979eb40d0f803d2469ea866c7a1702bae0bcf0731ac51c0f,1195415,existing_release,
vdcr_v1_000021,vdcr_000021,vdcr_commons_mr1_000004,release/media/videos/vdcr_v1_000021.mp4,media/vdcr_commons_manual_segments_round1_v1/vdcr_commons_mr1_000004_seg_020000_100000.mp4,https://commons.wikimedia.org/wiki/File:Arnside_bore.ogv,https://upload.wikimedia.org/wikipedia/commons/3/3e/Arnside_bore.ogv,CC-BY-SA-3.0,true,20.0,100.0,seg_020000_100000,5512a4f796eef58105f53ce2250c9f7792a73ba1c2967e6f7a7a1067802684c9,8967007,existing_release,
vdcr_v1_000022,vdcr_000022,vdcr_commons_mr1_000006,release/media/videos/vdcr_v1_000022.mp4,media/vdcr_commons_manual_segments_round1_v1/vdcr_commons_mr1_000006_seg_020000_055000.mp4,https://commons.wikimedia.org/wiki/File:%D0%93%D0%B8%D0%B4%D1%80%D0%B0%D0%B2%D0%BB%D0%B8%D1%87%D0%B5%D1%81%D0%BA%D0%B8%D0%B9_%D0%BF%D1%80%D1%8B%D0%B6%D0%BE%D0%BA.webm,https://upload.wikimedia.org/wikipedia/commons/0/0b/%D0%93%D0%B8%D0%B4%D1%80%D0%B0%D0%B2%D0%BB%D0%B8%D1%87%D0%B5%D1%81%D0%BA%D0%B8%D0%B9_%D0%BF%D1%80%D1%8B%D0%B6%D0%BE%D0%BA.webm,CC-BY-3.0 GetAClass/Wikimedia RU project,true,20.0,55.0,seg_020000_055000,a5977e62b86e2b545d5b39211073c8ec19da9b12ab489bad1466e6e255e16879,7166698,existing_release,
vdcr_v1_000023,vdcr_000023,vdcr_commons_mr2_000001,release/media/videos/vdcr_v1_000023.ogv,media/vdcr_commons_manual_round2_v1/vdcr_commons_mr2_000001.ogv,https://commons.wikimedia.org/wiki/File:K-V_Street_Video1.ogv,https://upload.wikimedia.org/wikipedia/commons/f/fc/K-V_Street_Video1.ogv,Public domain on Commons,false,,,,002bc7e911530a6861892da24b0ec2648ae00c31c7c3934577a5f35beacfe767,111836,existing_release,
vdcr_v1_000024,vdcr_000024,vdcr_commons_mr2_000002,release/media/videos/vdcr_v1_000024.webm,media/vdcr_commons_manual_round2_v1/vdcr_commons_mr2_000002.webm,https://commons.wikimedia.org/wiki/File:Effet_Leidenfrost.webm,https://upload.wikimedia.org/wikipedia/commons/b/b1/Effet_Leidenfrost.webm,CC-BY-SA-4.0 on Commons,false,,,,66bf3969ae89ea1919eec0855af5d0fe057c2385d95c336d3e189362a1ab5ed7,20147149,existing_release,
vdcr_v1_000025,vdcr_000025,vdcr_commons_mr2_000003,release/media/videos/vdcr_v1_000025.webm,media/vdcr_commons_manual_round2_v1/vdcr_commons_mr2_000003.webm,https://commons.wikimedia.org/wiki/File:Capillary_breakup.webm,https://upload.wikimedia.org/wikipedia/commons/2/28/Capillary_breakup.webm,CC-BY-SA-4.0 on Commons,false,,,,15326aa615b17d0c02c9977127c02b8bee5db94f9e7768433d08a4b7bbe3a358,744806,existing_release,
vdcr_v1_000026,vdcr_000026,vdcr_commons_mr2_000004,release/media/videos/vdcr_v1_000026.webm,media/vdcr_commons_manual_round2_v1/vdcr_commons_mr2_000004.webm,https://commons.wikimedia.org/wiki/File:A_supercell_with_rotating_updraft_in_SE_Colorado_and_SW_Kansas_(CIRA_2019-05-03).webm,https://upload.wikimedia.org/wikipedia/commons/5/50/A_supercell_with_rotating_updraft_in_SE_Colorado_and_SW_Kansas_%28CIRA_2019-05-03%29.webm,Public domain NOAA/CSU-CIRA material on Commons,false,,,,b69fbad472cd126016faf1eb9db03962d9e4fde62d0cfc05c2d77841d9566095,11136904,existing_release,
vdcr_v1_000027,vdcr_000027,vdcr_commons_mr3_000001,release/media/videos/vdcr_v1_000027.webm,media/vdcr_commons_manual_round3_v1/vdcr_commons_mr3_000001.ogv,https://commons.wikimedia.org/wiki/File:32._%D0%9A%D1%80%D0%B8%D1%81%D1%82%D0%B0%D0%BB%D0%B8%D0%B7%D0%B0%D1%86%D0%B8%D1%98%D0%B0_%D0%BD%D0%B0_%D0%BD%D0%B0%D1%82%D1%80%D0%B8%D1%83%D0%BC_%D0%B0%D1%86%D0%B5%D1%82%D0%B0%D1%82.ogv,https://upload.wikimedia.org/wikipedia/commons/transcoded/c/cc/32._%D0%9A%D1%80%D0%B8%D1%81%D1%82%D0%B0%D0%BB%D0%B8%D0%B7%D0%B0%D1%86%D0%B8%D1%98%D0%B0_%D0%BD%D0%B0_%D0%BD%D0%B0%D1%82%D1%80%D0%B8%D1%83%D0%BC_%D0%B0%D1%86%D0%B5%D1%82%D0%B0%D1%82.ogv/32._%D0%9A%D1%80%D0%B8%D1%81%D1%82%D0%B0%D0%BB%D0%B8%D0%B7%D0%B0%D1%86%D0%B8%D1%98%D0%B0_%D0%BD%D0%B0_%D0%BD%D0%B0%D1%82%D1%80%D0%B8%D1%83%D0%BC_%D0%B0%D1%86%D0%B5%D1%82%D0%B0%D1%82.ogv.360p.webm,CC-BY-SA-4.0 on Commons own work,false,,,,b9ff9d2a4dccc1b6967ee98c5157b787923aff8a1cdad79af37128a0a5907c4b,2686250,downloaded,
vdcr_v1_000028,vdcr_000028,vdcr_commons_mr3_000002,release/media/videos/vdcr_v1_000028.webm,media/vdcr_commons_manual_round3_v1/vdcr_commons_mr3_000002.webm,https://commons.wikimedia.org/wiki/File:Liesegang_band_experiment.webm,https://upload.wikimedia.org/wikipedia/commons/transcoded/d/d4/Liesegang_band_experiment.webm/Liesegang_band_experiment.webm.360p.webm,CC-BY-3.0 YouTube source reviewed on Commons,false,,,,ef7b792dee666bbde06723f3421893885bef2b54d2366d61338b426237b54513,441863,downloaded,
vdcr_v1_000029,vdcr_000029,vdcr_commons_mr3_000004,release/media/videos/vdcr_v1_000029.webm,media/vdcr_commons_manual_round3_v1/vdcr_commons_mr3_000004.ogv,https://commons.wikimedia.org/wiki/File:Multiplex-lithography-for-multilevel-multiscale-architectures-and-its-application-to-polymer-ncomms9484-s3.ogv,https://upload.wikimedia.org/wikipedia/commons/transcoded/9/94/Multiplex-lithography-for-multilevel-multiscale-architectures-and-its-application-to-polymer-ncomms9484-s3.ogv/Multiplex-lithography-for-multilevel-multiscale-architectures-and-its-application-to-polymer-ncomms9484-s3.ogv.360p.webm,CC-BY-4.0 on Commons from Nature Communications supplementary movie,false,,,,f2f441af7d3b67c55dea2973a22db663b94333b6c110f5c635f3eaedf715fd04,1008643,downloaded,
vdcr_v1_000030,vdcr_000030,vdcr_commons_mr3_000005,release/media/videos/vdcr_v1_000030.webm,media/vdcr_commons_manual_round3_v1/vdcr_commons_mr3_000005.webm,https://commons.wikimedia.org/wiki/File:Venus_Flytrap_(time_lapse).webm,https://upload.wikimedia.org/wikipedia/commons/transcoded/6/6e/Venus_Flytrap_(time_lapse).webm/Venus_Flytrap_(time_lapse).webm.360p.webm,CC-BY-3.0 YouTube source reviewed on Commons,false,,,,179a92d25c4c47d24de10819a8316f1e9bf35a6e88d644630b3dc1bf98b55aa5,6414601,downloaded,
vdcr_v1_000031,vdcr_000031,vdcr_commons_mr3_000007,release/media/videos/vdcr_v1_000031.webm,media/vdcr_commons_manual_round3_v1/vdcr_commons_mr3_000007.webm,https://commons.wikimedia.org/wiki/File:Gust_Front_Expands_From_Storms_Over_the_Gulf_of_Mexico_(CIRA_2024-04-29_-_nolabels_portrait).webm,https://upload.wikimedia.org/wikipedia/commons/a/a8/Gust_Front_Expands_From_Storms_Over_the_Gulf_of_Mexico_%28CIRA_2024-04-29_-_nolabels_portrait%29.webm,Public domain NOAA/CSU-CIRA material on Commons,false,,,,a49f6339bba167d95c439386f18e3cf6fb2b27143f102c263877e0f1d0fabcdd,9957656,existing_release,
vdcr_v1_000032,vdcr_000032,vdcr_commons_mr4_000002,release/media/videos/vdcr_v1_000032.webm,media/vdcr_commons_manual_round4_v1/vdcr_commons_mr4_000002.ogv,https://commons.wikimedia.org/wiki/File:MicrotubuleDynamicInstability.ogv,https://upload.wikimedia.org/wikipedia/commons/transcoded/a/a0/MicrotubuleDynamicInstability.ogv/MicrotubuleDynamicInstability.ogv.360p.webm,Commons page/license review needed,false,,,,87b36ce286fc03bb651b26f986383f1c9eedf8f15b6f61be2e3a2f88b31cbbe2,842277,downloaded,
vdcr_v1_000033,vdcr_000033,vdcr_commons_mr4_000003,release/media/videos/vdcr_v1_000033.webm,media/vdcr_commons_manual_round4_v1/vdcr_commons_mr4_000003.ogv,https://commons.wikimedia.org/wiki/File:Calcium-Wave-Propagation-in-Networks-of-Endothelial-Cells-Model-based-Theoretical-and-Experimental-pcbi.1002847.s006.ogv,https://upload.wikimedia.org/wikipedia/commons/transcoded/3/33/Calcium-Wave-Propagation-in-Networks-of-Endothelial-Cells-Model-based-Theoretical-and-Experimental-pcbi.1002847.s006.ogv/Calcium-Wave-Propagation-in-Networks-of-Endothelial-Cells-Model-based-Theoretical-and-Experimental-pcbi.1002847.s006.ogv.360p.webm,Commons/PLOS supplementary license review needed,false,,,,573eee89d3fa501ec077752b69a8aeb1c6b5dc8b6c56d1ac00516d99fda96545,324388,downloaded,
vdcr_v1_000034,vdcr_000034,vdcr_commons_mr4_000007,release/media/videos/vdcr_v1_000034.webm,media/vdcr_commons_manual_round4_v1/vdcr_commons_mr4_000007.webm,https://commons.wikimedia.org/wiki/File:Phoenix_DustStorm.webm,https://upload.wikimedia.org/wikipedia/commons/transcoded/7/70/Phoenix_DustStorm.webm/Phoenix_DustStorm.webm.360p.webm,Commons page/license review needed,false,,,,b1ec3830607395cf80e1ab20f29a3e0376f67aa19b54dd4a1457fa605260c99d,1106095,downloaded,
vdcr_v1_000035,vdcr_000035,vdcr_commons_mr4_000010,release/media/videos/vdcr_v1_000035.webm,media/vdcr_commons_manual_round4_v1/vdcr_commons_mr4_000010.webm,https://commons.wikimedia.org/wiki/File:Fires_Billow_Smoke_Across_the_Pacific_Northwest_(CIRA_2024-09-05_-_nolabels).webm,https://upload.wikimedia.org/wikipedia/commons/transcoded/9/94/Fires_Billow_Smoke_Across_the_Pacific_Northwest_(CIRA_2024-09-05_-_nolabels).webm/Fires_Billow_Smoke_Across_the_Pacific_Northwest_(CIRA_2024-09-05_-_nolabels).webm.360p.webm,NOAA/CIRA public-domain likely; Commons page/license review needed,false,,,,9208e580151bdb729cac3cc14ce09a3dd7e3a9c7aeb1b41c58d583d0c56747c4,315474,downloaded,
vdcr_v1_000036,vdcr_000036,vdcr_commons_mr5_000001,release/media/videos/vdcr_v1_000036.webm,media/vdcr_commons_manual_round5_v1/vdcr_commons_mr5_000001.webm,https://commons.wikimedia.org/wiki/File:Paranuss-Effekt_Brazil_Nut_Effect_Granular_Convection.webm,https://upload.wikimedia.org/wikipedia/commons/transcoded/d/d9/Paranuss-Effekt_Brazil_Nut_Effect_Granular_Convection.webm/Paranuss-Effekt_Brazil_Nut_Effect_Granular_Convection.webm.360p.webm,CC-BY-SA-4.0 Commons own work,false,,,,416f517248d66063b571ae248a05c70cd9cd8c8db40f0a7d92405a0f703e579b,1303160,downloaded,
vdcr_v1_000037,vdcr_000037,vdcr_commons_mr5_000003,release/media/videos/vdcr_v1_000037.webm,media/vdcr_commons_manual_round5_v1/vdcr_commons_mr5_000003.webm,https://commons.wikimedia.org/wiki/File:Pinch-off_in_two-fluid_systems.webm,https://upload.wikimedia.org/wikipedia/commons/transcoded/3/3e/Pinch-off_in_two-fluid_systems.webm/Pinch-off_in_two-fluid_systems.webm.360p.webm,CC-BY-3.0 YouTube source reviewed on Commons,false,,,,eea7fff38c8295fe3fddb67fad2a94da9318cbe50e4104abbeecbfb0711d0188,484551,downloaded,
vdcr_v1_000038,vdcr_000038,vdcr_commons_mr6_000001,release/media/videos/vdcr_v1_000038.webm,media/vdcr_commons_manual_round6_v1/vdcr_commons_mr6_000001.ogv,https://commons.wikimedia.org/wiki/File:Entropy-driven-formation-of-chiral-nematic-phases-by-computer-simulations-ncomms11175-s4.ogv,https://upload.wikimedia.org/wikipedia/commons/transcoded/7/7d/Entropy-driven-formation-of-chiral-nematic-phases-by-computer-simulations-ncomms11175-s4.ogv/Entropy-driven-formation-of-chiral-nematic-phases-by-computer-simulations-ncomms11175-s4.ogv.360p.webm,CC-BY-4.0 Commons/Nature Communications supplementary movie,false,,,,c76e8a6bb967eb041b271cb3ad8bfe0960edd9103db4317df8860bc4f9084b10,2486779,downloaded,
vdcr_v1_000039,vdcr_000039,vdcr_commons_mr7_000002,release/media/videos/vdcr_v1_000039.webm,media/vdcr_commons_manual_round7_v1/vdcr_commons_mr7_000002.webm,https://commons.wikimedia.org/wiki/File:Animation_of_swimming_ciliate.webm,https://upload.wikimedia.org/wikipedia/commons/transcoded/f/f0/Animation_of_swimming_ciliate.webm/Animation_of_swimming_ciliate.webm.360p.webm,CC-BY-SA-4.0 Commons reviewed scientific animation,false,,,,84c0af5a3ec66f7f654e7a3cd559e60e2a2a6aee7715502ad7aba05234c6ea43,936082,downloaded,
vdcr_v1_000040,vdcr_000040,vdcr_commons_mr8_000001,release/media/videos/vdcr_v1_000040.webm,media/vdcr_commons_manual_segments_round8_v1/vdcr_commons_mr8_000001_noaudio.webm,"https://commons.wikimedia.org/wiki/File:An_explosive_eruption_occurred_at_Kanlaon_Volcano_on_December_9,_2024.webm",https://upload.wikimedia.org/wikipedia/commons/transcoded/5/57/An_explosive_eruption_occurred_at_Kanlaon_Volcano_on_December_9%2C_2024.webm/An_explosive_eruption_occurred_at_Kanlaon_Volcano_on_December_9%2C_2024.webm.360p.webm,Public domain Commons/PHIVOLCS-DOST,true,,,noaudio,08bfd8f0a0e2e51e27292fe1a0b8000bc4755fc4fe5c79e537ae5054ee8949be,3302175,downloaded_source_fallback,source fallback; processed derivative not available
vdcr_v1_000041,vdcr_000041,vdcr_commons_mr8_000003,release/media/videos/vdcr_v1_000041.webm,media/vdcr_commons_manual_round8_v1/vdcr_commons_mr8_000003.gif,https://commons.wikimedia.org/wiki/File:Meandering_on_Ucayali_River.gif,https://upload.wikimedia.org/wikipedia/commons/b/b7/Meandering_on_Ucayali_River.gif,CC-BY-SA-4.0 Commons own work,false,,,,3853276fce0926ee3e4adb382ba39116d5caa585a779dbd01927ebbdd9b66d3f,11384064,downloaded,
vdcr_v1_000042,vdcr_000042,vdcr_commons_mr9_000001,release/media/videos/vdcr_v1_000042.webm,media/vdcr_commons_manual_round9_v1/vdcr_commons_mr9_000001.ogv,https://commons.wikimedia.org/wiki/File:Kelvin-Helmholtz_Instability.ogv,https://upload.wikimedia.org/wikipedia/commons/transcoded/d/d8/Kelvin-Helmholtz_Instability.ogv/Kelvin-Helmholtz_Instability.ogv.360p.webm,Public domain Commons simulation,false,,,,07090ca81fbe522fe37ec95831b7d673ae407369c59a21bd61995d152250f924,398043,downloaded,
vdcr_v1_000043,vdcr_000043,vdcr_commons_mr9_000002,release/media/videos/vdcr_v1_000043.mp4,media/vdcr_commons_manual_segments_round9_v1/vdcr_commons_mr9_000002_seg_003000_355000_noaudio.mp4,https://commons.wikimedia.org/wiki/File:Origin-and-dynamics-of-vortex-rings-in-drop-splashing-ncomms9187-s3.ogv,https://upload.wikimedia.org/wikipedia/commons/transcoded/4/40/Origin-and-dynamics-of-vortex-rings-in-drop-splashing-ncomms9187-s3.ogv/Origin-and-dynamics-of-vortex-rings-in-drop-splashing-ncomms9187-s3.ogv.360p.webm,CC-BY-4.0 Commons/Nature Communications supplementary movie,true,3.0,355.0,seg_003000_355000_noaudio,0006cdc860a613115b430cb83e70ecad417e70120a6748caf69fe40f5cf76e7b,1895091,rebuilt_segment,
vdcr_v1_000044,vdcr_000044,vdcr_commons_mr9_000004,release/media/videos/vdcr_v1_000044.webm,media/vdcr_commons_manual_segments_round9_v1/vdcr_commons_mr9_000004_noaudio.webm,https://commons.wikimedia.org/wiki/File:Bubble_net_feeding.webm,https://upload.wikimedia.org/wikipedia/commons/transcoded/f/fe/Bubble_net_feeding.webm/Bubble_net_feeding.webm.360p.webm,CC-BY-4.0 license review needed,true,,,noaudio,9d928a22108541481cec3c7160b30e75718d8e3a516799254e27093b6b2d2615,3576414,downloaded_source_fallback,source fallback; processed derivative not available
vdcr_v1_000045,vdcr_000045,vdcr_commons_mr10_000002,release/media/videos/vdcr_v1_000045.gif,media/vdcr_commons_manual_round10_v1/vdcr_commons_mr10_000002.gif,https://commons.wikimedia.org/wiki/File:Dendrite_formation.gif,https://upload.wikimedia.org/wikipedia/commons/4/4d/Dendrite_formation.gif,Public domain Commons animation,false,,,,2703da9f0f6ddd9c7c876c23e9153fa34ca0ae0d73ddf26002b8cdd310c45ba6,16014,existing_release,
vdcr_v1_000046,vdcr_000046,vdcr_commons_mr10_000004,release/media/videos/vdcr_v1_000046.mp4,media/vdcr_commons_manual_segments_round10_v1/vdcr_commons_mr10_000004_seg_012000_460000_lowerfoam_noaudio.mp4,https://commons.wikimedia.org/wiki/File:A-general-patterning-approach-by-manipulating-the-evolution-of-two-dimensional-liquid-foams-ncomms14110-s2.ogv,https://upload.wikimedia.org/wikipedia/commons/transcoded/b/bc/A-general-patterning-approach-by-manipulating-the-evolution-of-two-dimensional-liquid-foams-ncomms14110-s2.ogv/A-general-patterning-approach-by-manipulating-the-evolution-of-two-dimensional-liquid-foams-ncomms14110-s2.ogv.360p.webm,CC-BY-4.0 Commons/Nature Communications supplementary movie,true,12.0,460.0,seg_012000_460000_lowerfoam_noaudio,b32ca78038f243c7a8a747378d39e6011ef297f6ed8e414f6b230c902e21fdba,1251082,rebuilt_segment,
vdcr_v1_000047,vdcr_000047,vdcr_commons_mr11_000003,release/media/videos/vdcr_v1_000047.webm,media/vdcr_commons_manual_round11_v1/vdcr_commons_mr11_000003.ogv,https://commons.wikimedia.org/wiki/File:Rabies-Virus-Hijacks-and-Accelerates-the-p75NTR-Retrograde-Axonal-Transport-Machinery-ppat.1004348.s005.ogv,https://upload.wikimedia.org/wikipedia/commons/transcoded/1/1a/Rabies-Virus-Hijacks-and-Accelerates-the-p75NTR-Retrograde-Axonal-Transport-Machinery-ppat.1004348.s005.ogv/Rabies-Virus-Hijacks-and-Accelerates-the-p75NTR-Retrograde-Axonal-Transport-Machinery-ppat.1004348.s005.ogv.360p.webm,CC BY 4.0,false,,,,94e88ddf5818a82d007a87173bd8c9c397eeb9a4768e56609a5638894d3e31ef,178372,downloaded,
vdcr_v1_000048,vdcr_000048,vdcr_commons_mr11_000004,release/media/videos/vdcr_v1_000048.webm,media/vdcr_commons_manual_round11_v1/vdcr_commons_mr11_000004.webm,https://commons.wikimedia.org/wiki/File:%D0%9D%D0%B5%D0%B9%D1%82%D1%80%D0%BE%D1%84%D0%B8%D0%BB_%D0%BA%D1%80%D0%BE%D0%B2%D0%B8_%D1%87%D0%B5%D0%BB%D0%BE%D0%B2%D0%B5%D0%BA%D0%B0_%D1%84%D0%B0%D0%B3%D0%BE%D1%86%D0%B8%D1%82%D0%B8%D1%80%D1%83%D0%B5%D1%82_%D0%B1%D0%B0%D0%BA%D1%82%D0%B5%D1%80%D0%B8%D1%8E.webm,https://upload.wikimedia.org/wikipedia/commons/transcoded/0/0a/%D0%9D%D0%B5%D0%B9%D1%82%D1%80%D0%BE%D1%84%D0%B8%D0%BB_%D0%BA%D1%80%D0%BE%D0%B2%D0%B8_%D1%87%D0%B5%D0%BB%D0%BE%D0%B2%D0%B5%D0%BA%D0%B0_%D1%84%D0%B0%D0%B3%D0%BE%D1%86%D0%B8%D1%82%D0%B8%D1%80%D1%83%D0%B5%D1%82_%D0%B1%D0%B0%D0%BA%D1%82%D0%B5%D1%80%D0%B8%D1%8E.webm/%D0%9D%D0%B5%D0%B9%D1%82%D1%80%D0%BE%D1%84%D0%B8%D0%BB_%D0%BA%D1%80%D0%BE%D0%B2%D0%B8_%D1%87%D0%B5%D0%BB%D0%BE%D0%B2%D0%B5%D0%BA%D0%B0_%D1%84%D0%B0%D0%B3%D0%BE%D1%86%D0%B8%D1%82%D0%B8%D1%80%D1%83%D0%B5%D1%82_%D0%B1%D0%B0%D0%BA%D1%82%D0%B5%D1%80%D0%B8%D1%8E.webm.360p.webm,CC BY 4.0,false,,,,931d830ead1c78d0498a19e51e372a19bfad09bbcb4494dee44ace1ffe709f67,3711624,downloaded,
vdcr_v1_000049,vdcr_000049,vdcr_commons_mr12_000002,release/media/videos/vdcr_v1_000049.webm,media/vdcr_commons_manual_segments_round12_v1/vdcr_commons_mr12_000002_seg_000000_040000_noaudio.webm,https://commons.wikimedia.org/wiki/File:Bondo_Aug_2017.webm,https://upload.wikimedia.org/wikipedia/commons/transcoded/c/c1/Bondo_Aug_2017.webm/Bondo_Aug_2017.webm.360p.webm,CC0,true,0.0,40.0,seg_000000_040000_noaudio,c4c8f42a5873ac715ce33d3048d434ca224b56cfb3bf0c56aecce251d63c464f,860974,rebuilt_segment,
vdcr_v1_000050,vdcr_000050,vdcr_commons_mr12_000003,release/media/videos/vdcr_v1_000050.webm,media/vdcr_commons_manual_round12_v1/vdcr_commons_mr12_000003.gif,https://commons.wikimedia.org/wiki/File:Plunging_breaker_single.gif,https://upload.wikimedia.org/wikipedia/commons/7/7f/Plunging_breaker_single.gif,CC BY-SA 2.0 DE,false,,,,d4dee98a1def2c3eeb2f36181defd81bd85c75c545cad1ee6e8522097c4870c3,23291,downloaded,
vdcr_v1_000051,vdcr_000051,vdcr_commons_mr12_000005,release/media/videos/vdcr_v1_000051.webm,media/vdcr_commons_manual_round12_v1/vdcr_commons_mr12_000005.webm,https://commons.wikimedia.org/wiki/File:Pyrocumulonimbus_Billow_From_Alberta_Wildfires_(CIRA_2025-05-30_-_nolabels).webm,https://upload.wikimedia.org/wikipedia/commons/transcoded/5/53/Pyrocumulonimbus_Billow_From_Alberta_Wildfires_(CIRA_2025-05-30_-_nolabels).webm/Pyrocumulonimbus_Billow_From_Alberta_Wildfires_(CIRA_2025-05-30_-_nolabels).webm.360p.webm,Public domain NOAA,false,,,,f78644210668e0fbc6e2f9ac96efdefccd0364354a969c16484b4a71961857c1,422105,downloaded,
vdcr_v1_000052,vdcr_000052,vdcr_commons_mr13_000001,release/media/videos/vdcr_v1_000052.webm,media/vdcr_commons_manual_round13_v1/vdcr_commons_mr13_000001.ogv,https://commons.wikimedia.org/wiki/File:Cavitation_in_a_gear_pump.ogv,https://upload.wikimedia.org/wikipedia/commons/transcoded/6/67/Cavitation_in_a_gear_pump.ogv/Cavitation_in_a_gear_pump.ogv.360p.webm,CC0,false,,,,d2eea09d902863c7d4250f97488f7c0c19b67c9e4fa0f1843f5d339f94733b09,3613487,downloaded,
vdcr_v1_000053,vdcr_000053,vdcr_commons_mr13_000003,release/media/videos/vdcr_v1_000053.webm,media/vdcr_commons_manual_round13_v1/vdcr_commons_mr13_000003.webm,https://commons.wikimedia.org/wiki/File:Chemical_traffic_light_reaction_time-lapse.webm,https://upload.wikimedia.org/wikipedia/commons/transcoded/0/00/Chemical_traffic_light_reaction_time-lapse.webm/Chemical_traffic_light_reaction_time-lapse.webm.360p.webm,CC BY-SA 4.0/GFDL,false,,,,ae9ef75cbf05574987415a4a043f7a9b339e1c9365ddf99b858e82dd01ccea53,3591889,downloaded,
vdcr_v1_000055,vdcr_000055,vdcr_commons_mr14_000001,release/media/videos/vdcr_v1_000055.webm,media/vdcr_segments_pilot_v1/vdcr_commons_mr14_000001_seg_000000_031270_noaudio.webm,https://commons.wikimedia.org/wiki/File:Separating-hydrogen-and-oxygen-evolution-in-alkaline-water-electrolysis-using-nickel-hydroxide-ncomms11741-s4.ogv,https://upload.wikimedia.org/wikipedia/commons/transcoded/0/0a/Separating-hydrogen-and-oxygen-evolution-in-alkaline-water-electrolysis-using-nickel-hydroxide-ncomms11741-s4.ogv/Separating-hydrogen-and-oxygen-evolution-in-alkaline-water-electrolysis-using-nickel-hydroxide-ncomms11741-s4.ogv.360p.webm,CC BY 4.0 Commons/Nature Communications supplementary movie,true,0.0,31.27,seg_000000_031270_noaudio,e24ebec43035b9557afbf8b25a2f64be11b7ebb6e2a46d17478f41a30f107ec4,929042,rebuilt_segment,
vdcr_v1_000056,vdcr_000056,vdcr_commons_mr14_000004,release/media/videos/vdcr_v1_000056.webm,media/vdcr_segments_pilot_v1/vdcr_commons_mr14_000004_seg_000000_016667_clean.webm,https://commons.wikimedia.org/wiki/File:Mutation-of-Growth-Arrest-Specific-8-Reveals-a-Role-in-Motile-Cilia-Function-and-Human-Disease-pgen.1006220.s002.ogv,https://upload.wikimedia.org/wikipedia/commons/transcoded/1/11/Mutation-of-Growth-Arrest-Specific-8-Reveals-a-Role-in-Motile-Cilia-Function-and-Human-Disease-pgen.1006220.s002.ogv/Mutation-of-Growth-Arrest-Specific-8-Reveals-a-Role-in-Motile-Cilia-Function-and-Human-Disease-pgen.1006220.s002.ogv.360p.webm,CC BY 4.0 Commons/PLOS Genetics supplementary movie,true,0.0,16.667,seg_000000_016667_clean,701b34f1fa1bf32979b4cdf910216fc9aba9276063ecb0cee4e42b522ebd2e34,58398,rebuilt_segment,
vdcr_v1_000057,vdcr_000057,vdcr_commons_mr15_000001,release/media/videos/vdcr_v1_000057.gif,media/vdcr_commons_manual_round15_v1/vdcr_commons_mr15_000001.gif,https://commons.wikimedia.org/wiki/File:Gyroscope_precession.gif,https://upload.wikimedia.org/wikipedia/commons/8/82/Gyroscope_precession.gif,Public domain Commons animation,false,,,,6583a6ca3abf90c962a7440f102c335204c5e8dd927e5d20e39ea99b496476b5,228947,existing_release,
vdcr_v1_000058,vdcr_000058,vdcr_commons_mr15_000004,release/media/videos/vdcr_v1_000058.webm,media/vdcr_segments_pilot_v1/vdcr_commons_mr15_000004_seg_036000_079000_clean.webm,https://serc.carleton.edu/details/files/31382.html,https://serc.carleton.edu/download/files/31382/turbidity_currents.mp4,CC BY-NC-SA 3.0 noncommercial educational media; final release audit required,true,36.0,79.0,seg_036000_079000_clean,28325b08d693a9450fead7d2170673b5744b46685bb4bce6fd51eba81b4c7648,2000628,existing_release,
vdcr_v1_000059,vdcr_000059,vdcr_commons_mr15_000005,release/media/videos/vdcr_v1_000059.webm,media/vdcr_segments_pilot_v1/vdcr_commons_mr15_000005_seg_000000_051000_crop_clean.webm,https://commons.wikimedia.org/wiki/File:Nachtkerze02-50p.ogv,https://upload.wikimedia.org/wikipedia/commons/transcoded/6/65/Nachtkerze02-50p.ogv/Nachtkerze02-50p.ogv.360p.webm,CC BY-SA 3.0 Commons own-work video,true,0.0,51.0,seg_000000_051000_crop_clean,b00adc694493f1e361429fedf85e38bbcd615285acfbcaaac1b4557908c3e873,541076,rebuilt_segment,
vdcr_v1_000060,vdcr_000060,vdcr_commons_mr16_000001,release/media/videos/vdcr_v1_000060.webm,media/vdcr_segments_pilot_v1/vdcr_commons_mr16_000001_seg_000000_015206_clean.webm,https://commons.wikimedia.org/wiki/File:Slow-motion_video_of_flame_front_extending_along_a_channel.webm,https://upload.wikimedia.org/wikipedia/commons/c/c2/Slow-motion_video_of_flame_front_extending_along_a_channel.webm,CC BY-SA 4.0 Commons own-work video; clean derivative required,true,0.0,15.206,seg_000000_015206_clean,34d71c0c6fc876a78be4ba536060cabfeabf313dc1dc5d5096e78158419c333a,166527,existing_release,
vdcr_v1_000061,vdcr_000061,vdcr_commons_mr17_000002,release/media/videos/vdcr_v1_000061.webm,media/vdcr_segments_pilot_v1/vdcr_commons_mr17_000002_seg_000000_031371_clean.webm,https://commons.wikimedia.org/wiki/File:Silver.webm,https://upload.wikimedia.org/wikipedia/commons/transcoded/e/ef/Silver.webm/Silver.webm.360p.webm,CC BY 4.0 Commons own-work microscopy video; clean derivative required,true,0.0,31.371,seg_000000_031371_clean,9c7f0ee555d8d1629b0686a751782e0399355051ec04b1d4349b0ae9e039b239,2500672,rebuilt_segment,
vdcr_v1_000062,vdcr_000062,vdcr_commons_mr17_000004,release/media/videos/vdcr_v1_000062.webm,media/vdcr_commons_manual_round17_v1/vdcr_commons_mr17_000004.gif,https://commons.wikimedia.org/wiki/File:Gravitropism_in_Roots.gif,https://upload.wikimedia.org/wikipedia/commons/b/bc/Gravitropism_in_Roots.gif,CC BY-SA 4.0 Commons own-work animation,false,,,,7250f7e032a51487a33847b23d8778472364f8f944bf06c83d16303b789c7ee5,359122,downloaded,
vdcr_v1_000063,vdcr_000063,vdcr_commons_mr17_000006,release/media/videos/vdcr_v1_000063.webm,media/vdcr_segments_pilot_v1/vdcr_commons_mr17_000006_seg_000000_036218_clean.webm,https://commons.wikimedia.org/wiki/File:Tornado_time_lapse.webm,https://upload.wikimedia.org/wikipedia/commons/transcoded/f/fa/Tornado_time_lapse.webm/Tornado_time_lapse.webm.360p.webm,CC BY-SA 4.0,true,0.0,36.218,seg_000000_036218_clean,9e33a278e6b32464ef8da2461a6c94f8ce0378f6788487c2c84aad90e5a65684,713881,rebuilt_segment,
vdcr_v1_000064,vdcr_000064,vdcr_commons_mr17_000007,release/media/videos/vdcr_v1_000064.webm,media/vdcr_commons_manual_round17_v1/vdcr_commons_mr17_000007.ogv,https://commons.wikimedia.org/wiki/File:Water_drop_animation_enhanced.ogv,https://upload.wikimedia.org/wikipedia/commons/transcoded/5/57/Water_drop_animation_enhanced.ogv/Water_drop_animation_enhanced.ogv.360p.webm,CC BY-SA 3.0 Commons slow-motion animation; no-audio derivative if admitted,false,,,,75c2f25d8de69bdec81dcb4bd22fa897307276bce507ab68b86ba78ef49e23dd,45686,downloaded,
vdcr_v1_000065,vdcr_000065,vdcr_commons_mr18_000001,release/media/videos/vdcr_v1_000065.webm,media/vdcr_commons_manual_round18_v1/vdcr_commons_mr18_000001.ogv,https://commons.wikimedia.org/wiki/File:Marangoni-effect-visualized-in-two-dimensions-Optical-tweezers-for-gas-bubbles-srep34787-s6.ogv,https://upload.wikimedia.org/wikipedia/commons/transcoded/9/91/Marangoni-effect-visualized-in-two-dimensions-Optical-tweezers-for-gas-bubbles-srep34787-s6.ogv/Marangoni-effect-visualized-in-two-dimensions-Optical-tweezers-for-gas-bubbles-srep34787-s6.ogv.360p.webm,CC BY 4.0 Commons/Scientific Reports supplementary video,false,,,,49e7539221769fda4bfd7170837fb7a3c90a639cf9aaaba364cb89c153ac0fcb,366349,downloaded,
vdcr_v1_000066,vdcr_000066,vdcr_commons_mr18_000003,release/media/videos/vdcr_v1_000066.webm,media/vdcr_segments_pilot_v1/vdcr_commons_mr18_000003_seg_000000_024000_crop_clean.webm,https://web.mit.edu/nnf/research/phenomena/rodclimbing.html,https://web.mit.edu/nnf/research/phenomena/rod_climbing.avi,MIT educational source; final release license/permission audit required,true,0.0,24.0,seg_000000_024000_crop_clean,252ecd5abf839d1ba2b38434f3db757a3cc0d25b8dab8f3b6b40d5adb328ab67,444028,existing_release,
vdcr_v1_000067,vdcr_000067,vdcr_commons_mr18_000004,release/media/videos/vdcr_v1_000067.webm,media/vdcr_commons_manual_round18_v1/vdcr_commons_mr18_000004.ogv,https://commons.wikimedia.org/wiki/File:Plazmoliz_and_deplazmoliz.ogv,https://upload.wikimedia.org/wikipedia/commons/transcoded/7/79/Plazmoliz_and_deplazmoliz.ogv/Plazmoliz_and_deplazmoliz.ogv.360p.webm,CC BY-SA 4.0 Commons onion epidermal timelapse,false,,,,e32a021ff4017e6da12c8f265307b3094288004add391c04605d5a4fce02fa82,1337658,downloaded,
vdcr_v1_000068,vdcr_000068,vdcr_commons_mr18_000005,release/media/videos/vdcr_v1_000068.mp4,media/vdcr_commons_manual_round18_v1/vdcr_commons_mr18_000005.mp4,https://developers.google.com/earth-engine/timelapse/videos#kosi-river-bihar-india,https://storage.googleapis.com/earthengine-timelapse/2023/curated/mp4/src/kosi-river-bihar-india.mp4,CC BY 4.0 no-label Earth Timelapse video; attribution required,false,,,,c00f630a10867eb100ef494a63ea5637356d115f755e99544944ca1a63c4ae6c,57092207,existing_release,
vdcr_v1_000069,vdcr_000069,vdcr_commons_mr19_000005,release/media/videos/vdcr_v1_000069.webm,media/vdcr_segments_pilot_v1/vdcr_commons_mr19_000005_seg_000000_003333_crop_clean.webm,https://commons.wikimedia.org/wiki/File:Magnetic-field-induced-flow-pattern-reversal-in-a-ferrofluidic-Taylor-Couette-system-srep18589-s8.ogv,https://upload.wikimedia.org/wikipedia/commons/transcoded/4/48/Magnetic-field-induced-flow-pattern-reversal-in-a-ferrofluidic-Taylor-Couette-system-srep18589-s8.ogv/Magnetic-field-induced-flow-pattern-reversal-in-a-ferrofluidic-Taylor-Couette-system-srep18589-s8.ogv.360p.webm,CC BY 4.0 Commons/Scientific Reports supplementary movie,true,0.0,3.333,seg_000000_003333_crop_clean,24890ea1f9bde9908ab7f6440650c8bdf5a2a598ecb82e7413c41be885210383,329606,rebuilt_segment,
vdcr_v1_000070,vdcr_000070,vdcr_commons_mr19_000006,release/media/videos/vdcr_v1_000070.webm,media/vdcr_commons_manual_round19_v1/vdcr_commons_mr19_000006.webm,https://commons.wikimedia.org/wiki/File:Potassium_permanganate_-_KMnO4_-_crystallization_of_aqueous_solution.webm,https://upload.wikimedia.org/wikipedia/commons/transcoded/5/56/Potassium_permanganate_-_KMnO4_-_crystallization_of_aqueous_solution.webm/Potassium_permanganate_-_KMnO4_-_crystallization_of_aqueous_solution.webm.360p.webm,CC BY-SA 4.0 Commons crystallization video,false,,,,17d41aa1a94cbbc14cd64441a4097736124e6d1bb42fea9e7123a02b73c06d1c,1674932,downloaded,
vdcr_v1_000071,vdcr_000071,vdcr_commons_mr19_000007,release/media/videos/vdcr_v1_000071.webm,media/vdcr_segments_pilot_v1/vdcr_commons_mr19_000007_seg_000000_036143_crop_clean.webm,https://commons.wikimedia.org/wiki/File:Reed-Sternberg-Cells-Form-by-Abscission-Failure-in-the-Presence-of-Functional-Aurora-B-Kinase-pone.0124629.s006.ogv,https://upload.wikimedia.org/wikipedia/commons/transcoded/e/e7/Reed-Sternberg-Cells-Form-by-Abscission-Failure-in-the-Presence-of-Functional-Aurora-B-Kinase-pone.0124629.s006.ogv/Reed-Sternberg-Cells-Form-by-Abscission-Failure-in-the-Presence-of-Functional-Aurora-B-Kinase-pone.0124629.s006.ogv.360p.webm,CC BY 4.0 Commons/PLOS ONE DIC time-lapse,true,0.0,36.143,seg_000000_036143_crop_clean,bd1f8babe2c1d42d9a041c576e8b5cbe40419a2a37fc5e94ce0f6aa755138d2a,806126,rebuilt_segment,
vdcr_v1_000072,vdcr_000072,vdcr_commons_mr20_000001,release/media/videos/vdcr_v1_000072.gif,media/vdcr_commons_manual_round20_v1/vdcr_commons_mr20_000001.gif,https://commons.wikimedia.org/wiki/File:Magnus_effect.gif,https://upload.wikimedia.org/wikipedia/commons/b/b6/Magnus_effect.gif,CC BY-SA 4.0 Commons GIF,false,,,,927446d01334a1a3c18df11a88040aefff14256df171aa03532bff096c1e32ec,14379751,existing_release,
vdcr_v1_000073,vdcr_000073,vdcr_commons_mr20_000008,release/media/videos/vdcr_v1_000073.webm,media/vdcr_segments_pilot_v1/vdcr_commons_mr20_000008_seg_000000_018133_crop_clean.webm,https://commons.wikimedia.org/wiki/File:Hydraulic-hydrogel-actuators-and-robots-optically-and-sonically-camouflaged-in-water-ncomms14230-s6.ogv,https://upload.wikimedia.org/wikipedia/commons/transcoded/5/5f/Hydraulic-hydrogel-actuators-and-robots-optically-and-sonically-camouflaged-in-water-ncomms14230-s6.ogv/Hydraulic-hydrogel-actuators-and-robots-optically-and-sonically-camouflaged-in-water-ncomms14230-s6.ogv.360p.webm,CC BY 4.0 Commons/Nature Communications video,true,0.0,18.133,seg_000000_018133_crop_clean,600cbed70bb93513131517eebc23dcf011f67ddf6c6fa7d0b843bb8dbb874a08,102754,rebuilt_segment,
vdcr_v1_000074,vdcr_000074,vdcr_commons_mr20_000009,release/media/videos/vdcr_v1_000074.webm,media/vdcr_commons_manual_round20_v1/vdcr_commons_mr20_000009.ogv,https://commons.wikimedia.org/wiki/File:Membrane-Blebbing-Is-Required-for-Mesenchymal-Precursor-Migration-pone.0150004.s007.ogv,https://upload.wikimedia.org/wikipedia/commons/transcoded/3/3f/Membrane-Blebbing-Is-Required-for-Mesenchymal-Precursor-Migration-pone.0150004.s007.ogv/Membrane-Blebbing-Is-Required-for-Mesenchymal-Precursor-Migration-pone.0150004.s007.ogv.360p.webm,CC BY 4.0 Commons/PLOS ONE video,false,,,,948f38c20335eae922c41ecfdb71c3f9efcb98f34a4a7759e9304b0ea859bac4,1442299,downloaded,
vdcr_v1_000075,vdcr_000075,vdcr_commons_mr20_000010,release/media/videos/vdcr_v1_000075.webm,media/vdcr_commons_manual_round20_v1/vdcr_commons_mr20_000010.ogv,https://commons.wikimedia.org/wiki/File:Upward-erosion.ogv,https://upload.wikimedia.org/wikipedia/commons/transcoded/4/4b/Upward-erosion.ogv/Upward-erosion.ogv.360p.webm,CC BY-SA 2.5 Commons video,false,,,,4735dde6e1e98b3c7855f5ac25377745783dc1f3d3a8b89fd26ff535bc886a90,1042436,downloaded,
vdcr_v1_000076,vdcr_000076,vdcr_commons_mr21_000001,release/media/videos/vdcr_v1_000076.webm,media/vdcr_segments_pilot_v1/vdcr_commons_mr21_000001_crop_clean.mp4,https://commons.wikimedia.org/wiki/File:Dynamics-and-universal-scaling-law-in-geometrically-controlled-sessile-drop-evaporation-ncomms14783-s5.ogv,https://upload.wikimedia.org/wikipedia/commons/transcoded/9/91/Dynamics-and-universal-scaling-law-in-geometrically-controlled-sessile-drop-evaporation-ncomms14783-s5.ogv/Dynamics-and-universal-scaling-law-in-geometrically-controlled-sessile-drop-evaporation-ncomms14783-s5.ogv.360p.webm,CC BY 4.0 Commons/Nature Communications video,true,,,crop_clean,4d5127794645fe391a59b999f27e54af7b005079d9138a4c6891d1ea639f4bb7,5672238,downloaded_source_fallback,source fallback; processed derivative not available
vdcr_v1_000077,vdcr_000077,vdcr_commons_mr21_000003,release/media/videos/vdcr_v1_000077.webm,media/vdcr_segments_pilot_v1/vdcr_commons_mr21_000003_metadata_clean.mp4,https://commons.wikimedia.org/wiki/File:Taming-contact-line-instability-for-pattern-formation-ncomms12458-s2.ogv,https://upload.wikimedia.org/wikipedia/commons/transcoded/0/0e/Taming-contact-line-instability-for-pattern-formation-ncomms12458-s2.ogv/Taming-contact-line-instability-for-pattern-formation-ncomms12458-s2.ogv.360p.webm,CC BY 4.0 Commons/Nature Communications video,true,,,metadata_clean,8ae925e63537d2b51f39e740f3d50cd4bddeb964e03b5dccffbc932c9e859fb2,2134169,downloaded_source_fallback,source fallback; processed derivative not available
vdcr_v1_000078,vdcr_000078,vdcr_commons_mr21_000005,release/media/videos/vdcr_v1_000078.webm,media/vdcr_segments_pilot_v1/vdcr_commons_mr21_000005_metadata_clean.mp4,https://commons.wikimedia.org/wiki/File:An-Actin-Based-Wave-Generator-Organizes-Cell-Motility-pbio.0050221.sv013.ogv,https://upload.wikimedia.org/wikipedia/commons/transcoded/e/e5/An-Actin-Based-Wave-Generator-Organizes-Cell-Motility-pbio.0050221.sv013.ogv/An-Actin-Based-Wave-Generator-Organizes-Cell-Motility-pbio.0050221.sv013.ogv.360p.webm,CC BY 2.5 Commons/PLOS Biology video,true,,,metadata_clean,3d934806bd50580de53df0da411ab39e5511c299a2a2ac719f85a1d7a346a186,126330,downloaded_source_fallback,source fallback; processed derivative not available
vdcr_v1_000079,vdcr_000079,vdcr_commons_mr21_000008,release/media/videos/vdcr_v1_000079.webm,media/vdcr_segments_pilot_v1/vdcr_commons_mr21_000008_metadata_clean.mp4,https://commons.wikimedia.org/wiki/File:Braided_River_in_Tibet_Redraws_Its_Channels_(154747).webm,https://upload.wikimedia.org/wikipedia/commons/transcoded/5/51/Braided_River_in_Tibet_Redraws_Its_Channels_(154747).webm/Braided_River_in_Tibet_Redraws_Its_Channels_(154747).webm.360p.webm,PD-USGov/NASA and USGS source,true,,,metadata_clean,0d40b35552a042e971126ad39684de455282e08ebb789bf971255514ab562fbe,5953320,downloaded_source_fallback,source fallback; processed derivative not available
vdcr_v1_000080,vdcr_000080,vdcr_commons_mr22_000001,release/media/videos/vdcr_v1_000080.webm,media/vdcr_segments_pilot_v1/vdcr_commons_mr22_000001_metadata_clean.mp4,https://commons.wikimedia.org/wiki/File:Watching_Tibetan_bowls_sing.webm,https://upload.wikimedia.org/wikipedia/commons/transcoded/5/54/Watching_Tibetan_bowls_sing.webm/Watching_Tibetan_bowls_sing.webm.360p.webm,CC BY 3.0 Commons video,true,,,metadata_clean,ba224dd19a5d5ab90460f4b7c2fc6d645099e26614b500f65fc17eddc8c43b73,2682933,downloaded_source_fallback,source fallback; processed derivative not available
vdcr_v1_000081,vdcr_000081,vdcr_commons_mr22_000006,release/media/videos/vdcr_v1_000081.mp4,media/vdcr_segments_pilot_v1/vdcr_commons_mr22_000006_seg_015000_020000_clean.mp4,https://commons.wikimedia.org/wiki/File:Born-Knowing-Tentacled-Snakes-Innately-Predict-Future-Prey-Behavior-pone.0010953.s002.ogv,https://upload.wikimedia.org/wikipedia/commons/transcoded/3/3b/Born-Knowing-Tentacled-Snakes-Innately-Predict-Future-Prey-Behavior-pone.0010953.s002.ogv/Born-Knowing-Tentacled-Snakes-Innately-Predict-Future-Prey-Behavior-pone.0010953.s002.ogv.360p.webm,CC BY 3.0 Commons/PLOS ONE video,true,15.0,20.0,seg_015000_020000_clean,2863a1049f9a59db0dff83add5e78fe6d90f20ff5c4ce0389491e45de00eede3,70223,rebuilt_segment,
vdcr_v1_000082,vdcr_000082,vdcr_commons_mr23_000001,release/media/videos/vdcr_v1_000082.mp4,media/vdcr_segments_pilot_v1/vdcr_commons_mr23_000001_seg_002000_016000_crop_clean.mp4,https://commons.wikimedia.org/wiki/File:CH3NH3PbI3_crystal_growth.webm,https://upload.wikimedia.org/wikipedia/commons/transcoded/c/cf/CH3NH3PbI3_crystal_growth.webm/CH3NH3PbI3_crystal_growth.webm.360p.webm,verify_on_source_page,true,2.0,16.0,seg_002000_016000_crop_clean,486af9ac9b4bf3ee64c3e135eb2b5258ae98292b715b1b047b252a64e24e3934,710168,rebuilt_segment,
vdcr_v1_000083,vdcr_000083,vdcr_commons_mr23_000004,release/media/videos/vdcr_v1_000083.webm,media/vdcr_segments_pilot_v1/vdcr_commons_mr23_000004_metadata_clean.mp4,https://commons.wikimedia.org/wiki/File:A-swarm-of-autonomous-miniature-underwater-robot-drifters-for-exploring-submesoscale-ocean-dynamics-ncomms14189-s5.ogv,https://upload.wikimedia.org/wikipedia/commons/transcoded/a/ae/A-swarm-of-autonomous-miniature-underwater-robot-drifters-for-exploring-submesoscale-ocean-dynamics-ncomms14189-s5.ogv/A-swarm-of-autonomous-miniature-underwater-robot-drifters-for-exploring-submesoscale-ocean-dynamics-ncomms14189-s5.ogv.360p.webm,CC BY 4.0 Commons/Nature Communications supplementary movie,true,,,metadata_clean,6c99c1575ffe67fe787240d4aed82beb42511701b517065012d370130d840aa6,2013165,downloaded_source_fallback,source fallback; processed derivative not available
vdcr_v1_000084,vdcr_000084,vdcr_commons_mr24_000001,release/media/videos/vdcr_v1_000084.webm,media/vdcr_segments_pilot_v1/vdcr_commons_mr24_000001_crop_clean.mp4,https://commons.wikimedia.org/wiki/File:Euler%E2%80%99s_disk.webm,https://upload.wikimedia.org/wikipedia/commons/transcoded/b/b4/Euler%E2%80%99s_disk.webm/Euler%E2%80%99s_disk.webm.360p.webm,CC BY-SA 4.0 Commons own-work video,true,,,crop_clean,7f2ea4bdf84a2eacc01458e06789967bb1e06cdd43cd357e2c7e347910beb958,12382588,downloaded_source_fallback,source fallback; processed derivative not available
vdcr_v1_000085,vdcr_000085,vdcr_commons_mr24_000002,release/media/videos/vdcr_v1_000085.webm,media/vdcr_segments_pilot_v1/vdcr_commons_mr24_000002_crop_clean.mp4,https://commons.wikimedia.org/wiki/File:Enhancing-droplet-deposition-through-in-situ-precipitation-ncomms12560-s6.ogv,https://upload.wikimedia.org/wikipedia/commons/transcoded/8/8a/Enhancing-droplet-deposition-through-in-situ-precipitation-ncomms12560-s6.ogv/Enhancing-droplet-deposition-through-in-situ-precipitation-ncomms12560-s6.ogv.360p.webm,Commons/Nature Communications supplementary movie; verify source page license,true,,,crop_clean,3b798ba2e0dd311020df20ed71a2cb9f052bd75e5aac3abea16c8f9975de31b4,3963339,downloaded_source_fallback,source fallback; processed derivative not available
vdcr_v1_000086,vdcr_000086,vdcr_commons_mr25_000001,release/media/videos/vdcr_v1_000086.webm,media/vdcr_segments_pilot_v1/vdcr_commons_mr25_000001_metadata_clean.mp4,https://commons.wikimedia.org/wiki/File:Cannonball_jellyfish_(Stomolophus_meleagris).webm,https://upload.wikimedia.org/wikipedia/commons/transcoded/6/6b/Cannonball_jellyfish_(Stomolophus_meleagris).webm/Cannonball_jellyfish_(Stomolophus_meleagris).webm.360p.webm,Commons/Flickr-reviewed free-license video; verify source page license,true,,,metadata_clean,0b2a2be5ef0db3ff33d781435d2d763653bc0825a5b4117afe2dc175d80322f4,2716091,downloaded_source_fallback,source fallback; processed derivative not available
vdcr_v1_000087,vdcr_000087,vdcr_commons_mr26_000004,release/media/videos/vdcr_v1_000087.mp4,media/vdcr_segments_pilot_v1/vdcr_commons_mr26_000004_seg_066000_078000_clean.mp4,https://commons.wikimedia.org/wiki/File:Brandungsr%C3%BCckstrom_%28Entstehung%29.webm,https://upload.wikimedia.org/wikipedia/commons/transcoded/5/5c/Brandungsr%C3%BCckstrom_(Entstehung).webm/Brandungsr%C3%BCckstrom_(Entstehung).webm.360p.webm,Commons CC0 own-work rip-current formation video,true,66.0,78.0,seg_066000_078000_clean,95a603eb3ac734c2baf775b59d59eaf390d867d5e83f8af81fbf814dd2a10fd6,1029870,rebuilt_segment,
vdcr_v1_000088,vdcr_000088,vdcr_commons_mr27_000002,release/media/videos/vdcr_v1_000088.webm,media/vdcr_segments_pilot_v1/vdcr_commons_mr27_000002_metadata_clean.mp4,https://commons.wikimedia.org/wiki/File:B%C3%A9nard_cells_convection.ogv,https://upload.wikimedia.org/wikipedia/commons/transcoded/3/37/B%C3%A9nard_cells_convection.ogv/B%C3%A9nard_cells_convection.ogv.360p.webm,verify_on_source_page,true,,,metadata_clean,2c122a013af49105323269c83c0f2f6083334b11858304cbddbd0a9cf5e15534,1850014,downloaded_source_fallback,source fallback; processed derivative not available
vdcr_v1_000089,vdcr_000089,vdcr_commons_mr27_000004,release/media/videos/vdcr_v1_000089.webm,media/vdcr_segments_pilot_v1/vdcr_commons_mr27_000004_metadata_clean.mp4,https://commons.wikimedia.org/wiki/File:Reaction-Diffusion.gif,https://upload.wikimedia.org/wikipedia/commons/8/8a/Reaction-Diffusion.gif,verify_on_source_page,true,,,metadata_clean,17bdc5b9e151043f33faea49ba717d543c8e7f388eb3caeaa8a176191619edb6,5242880,downloaded_source_fallback,source fallback; processed derivative not available
vdcr_v1_000090,vdcr_000090,vdcr_commons_mr28_000002,release/media/videos/vdcr_v1_000090.webm,media/vdcr_segments_pilot_v1/vdcr_commons_mr28_000002_metadata_clean.mp4,https://commons.wikimedia.org/wiki/File:A-Worldwide-Competition-to-Compare-the-Speed-and-Chemotactic-Accuracy-of-Neutrophil-Like-Cells-pone.0154491.s004.ogv,https://upload.wikimedia.org/wikipedia/commons/transcoded/e/ec/A-Worldwide-Competition-to-Compare-the-Speed-and-Chemotactic-Accuracy-of-Neutrophil-Like-Cells-pone.0154491.s004.ogv/A-Worldwide-Competition-to-Compare-the-Speed-and-Chemotactic-Accuracy-of-Neutrophil-Like-Cells-pone.0154491.s004.ogv.360p.webm,verify_on_source_page,true,,,metadata_clean,bb3df9f26883f5674847fae8045dd5a3ec3a48527dcc64fc258431bf447ef8ac,716778,downloaded_source_fallback,source fallback; processed derivative not available
vdcr_v1_000091,vdcr_000091,vdcr_commons_mr29_000001,release/media/videos/vdcr_v1_000091.webm,media/vdcr_segments_pilot_v1/vdcr_commons_mr29_000001_metadata_clean.mp4,https://commons.wikimedia.org/wiki/File:Downburst_Piracicaba_2025.webm,https://upload.wikimedia.org/wikipedia/commons/transcoded/d/d8/Downburst_Piracicaba_2025.webm/Downburst_Piracicaba_2025.webm.360p.webm,verify_on_source_page,true,,,metadata_clean,01008159f8ca570e458eaa90e613aded04abeec943aae75d04ef022f0d031299,3889107,downloaded_source_fallback,source fallback; processed derivative not available
vdcr_v1_000092,vdcr_000092,vdcr_commons_mr30_000001,release/media/videos/vdcr_v1_000092.webm,media/vdcr_segments_pilot_v1/vdcr_commons_mr30_000001_metadata_clean.mp4,https://commons.wikimedia.org/wiki/File:Plein_de_bulles_entier_grand.gif,https://upload.wikimedia.org/wikipedia/commons/7/78/Plein_de_bulles_entier_grand.gif,verify_on_source_page,true,,,metadata_clean,87dfd2eac568583c49f0dc3987d329e9b52aef8424d750c2a801cf21ebe5f4a0,3081793,downloaded_source_fallback,source fallback; processed derivative not available
vdcr_v1_000093,vdcr_000093,vdcr_commons_mr31_000003,release/media/videos/vdcr_v1_000093.webm,media/vdcr_segments_pilot_v1/vdcr_commons_mr31_000003_metadata_clean.mp4,https://commons.wikimedia.org/wiki/File:Upward-erosion.ogv,https://upload.wikimedia.org/wikipedia/commons/transcoded/4/4b/Upward-erosion.ogv/Upward-erosion.ogv.360p.webm,verify_on_source_page,true,,,metadata_clean,4735dde6e1e98b3c7855f5ac25377745783dc1f3d3a8b89fd26ff535bc886a90,1042436,downloaded_source_fallback,source fallback; processed derivative not available
vdcr_v1_000094,vdcr_000094,vdcr_commons_mr31_000005,release/media/videos/vdcr_v1_000094.mp4,media/vdcr_segments_pilot_v1/vdcr_commons_mr31_000005_seg_002000_21143_clean.mp4,https://commons.wikimedia.org/wiki/File:Visualization-data-on-the-freezing-process-of-micrometer-scaled-aqueous-citric-acid-drops-mmc6.ogv,https://upload.wikimedia.org/wikipedia/commons/transcoded/c/c6/Visualization-data-on-the-freezing-process-of-micrometer-scaled-aqueous-citric-acid-drops-mmc6.ogv/Visualization-data-on-the-freezing-process-of-micrometer-scaled-aqueous-citric-acid-drops-mmc6.ogv.360p.webm,CC BY 4.0,true,2.0,21.143,seg_002000_21143_clean,b2661250b536c75fb1f43277760231154b0efb7e9beb106dd918e866c50f8754,434111,rebuilt_segment,
vdcr_v1_000095,vdcr_000095,vdcr_commons_mr32_000001,release/media/videos/vdcr_v1_000095.webm,media/vdcr_segments_pilot_v1/vdcr_commons_mr32_000001_metadata_clean.mp4,https://commons.wikimedia.org/wiki/File:Bubble0g.ogv,https://upload.wikimedia.org/wikipedia/commons/transcoded/c/cf/Bubble0g.ogv/Bubble0g.ogv.360p.webm,PD NASA,true,,,metadata_clean,c00b4fae62ca1affbf2535e839eac9356d6905583d4395d380fcb8defb5f2038,875611,downloaded_source_fallback,source fallback; processed derivative not available
vdcr_v1_000096,vdcr_000096,vdcr_commons_mr32_000004,release/media/videos/vdcr_v1_000096.webm,media/vdcr_segments_pilot_v1/vdcr_commons_mr32_000004_metadata_clean.mp4,https://commons.wikimedia.org/wiki/File:Highly-Asynchronous-and-Asymmetric-Cleavage-Divisions-Accompany-Early-Transcriptional-Activity-in-pone.0021741.s019.ogv,https://upload.wikimedia.org/wikipedia/commons/transcoded/6/6a/Highly-Asynchronous-and-Asymmetric-Cleavage-Divisions-Accompany-Early-Transcriptional-Activity-in-pone.0021741.s019.ogv/Highly-Asynchronous-and-Asymmetric-Cleavage-Divisions-Accompany-Early-Transcriptional-Activity-in-pone.0021741.s019.ogv.360p.webm,CC BY 2.5,true,,,metadata_clean,634083f856151cb93efe78cd3f7124cf262a9d32ea7efd7ac16c1fd1083a97a8,765729,downloaded_source_fallback,source fallback; processed derivative not available
vdcr_v1_000097,vdcr_000097,vdcr_commons_mr33_000001,release/media/videos/vdcr_v1_000097.mp4,media/vdcr_segments_pilot_v1/vdcr_commons_mr33_000001_seg_007000_76732_clean.mp4,https://commons.wikimedia.org/wiki/File:A-general-patterning-approach-by-manipulating-the-evolution-of-two-dimensional-liquid-foams-ncomms14110-s3.ogv,https://upload.wikimedia.org/wikipedia/commons/transcoded/a/a6/A-general-patterning-approach-by-manipulating-the-evolution-of-two-dimensional-liquid-foams-ncomms14110-s3.ogv/A-general-patterning-approach-by-manipulating-the-evolution-of-two-dimensional-liquid-foams-ncomms14110-s3.ogv.360p.webm,CC BY 4.0,true,7.0,76.732,seg_007000_76732_clean,ba217e8c48f63195343dfc75f3e2774be9d6a36199f5cb48a25a5aad7267afaa,1815672,rebuilt_segment,
vdcr_v1_000098,vdcr_000098,vdcr_commons_mr34_000001,release/media/videos/vdcr_v1_000098.mp4,media/vdcr_segments_pilot_v1/vdcr_commons_mr34_000001_seg_055000_126041_clean.mp4,https://commons.wikimedia.org/wiki/File:Wesphysdemo_-_Synchronized_Metronomes.webm,https://upload.wikimedia.org/wikipedia/commons/transcoded/a/a1/Wesphysdemo_-_Synchronized_Metronomes.webm/Wesphysdemo_-_Synchronized_Metronomes.webm.360p.webm,commons_license_verify_on_page,true,55.0,126.041,seg_055000_126041_clean,363b397bcd6f87de58aa1531d4cfe36b043732cc08390b94075d7a2eacc5bedb,2160788,rebuilt_segment,
vdcr_v1_000099,vdcr_000099,vdcr_commons_mr34_000005,release/media/videos/vdcr_v1_000099.webm,media/vdcr_segments_pilot_v1/vdcr_commons_mr34_000005_metadata_clean.mp4,https://commons.wikimedia.org/wiki/File:Genome-sequence-of-the-pattern-forming-Paenibacillus-vortex-bacterium-reveals-potential-for-1471-2164-11-710-S2.ogv,https://upload.wikimedia.org/wikipedia/commons/transcoded/4/47/Genome-sequence-of-the-pattern-forming-Paenibacillus-vortex-bacterium-reveals-potential-for-1471-2164-11-710-S2.ogv/Genome-sequence-of-the-pattern-forming-Paenibacillus-vortex-bacterium-reveals-potential-for-1471-2164-11-710-S2.ogv.360p.webm,CC BY 2.0 verify on page,true,,,metadata_clean,a5b1df1156b5a40ad9c82160100e6ac99cfa3b33957cdd71c083dfeade9756ff,1716918,downloaded_source_fallback,source fallback; processed derivative not available
vdcr_v1_000100,vdcr_000100,vdcr_commons_mr35_000001,release/media/videos/vdcr_v1_000100.webm,media/vdcr_segments_pilot_v1/vdcr_commons_mr35_000001_crop_metadata_clean.mp4,https://commons.wikimedia.org/wiki/File:Explosive_Growth_of_the_Ranger_Road_Fire_(CIRA_2026-02-18_-_nolabels).webm,https://upload.wikimedia.org/wikipedia/commons/transcoded/6/66/Explosive_Growth_of_the_Ranger_Road_Fire_(CIRA_2026-02-18_-_nolabels).webm/Explosive_Growth_of_the_Ranger_Road_Fire_(CIRA_2026-02-18_-_nolabels).webm.360p.webm,PD NOAA,true,,,crop_metadata_clean,e4eb329cf31b0e82102e427e26e69d77b1bd0d07ae3938c808cc713b03f2c028,1089239,downloaded_source_fallback,source fallback; processed derivative not available
vdcr_v1_000101,vdcr_000101,vdcr_commons_mr36_000001,release/media/videos/vdcr_v1_000101.webm,media/vdcr_segments_pilot_v1/vdcr_commons_mr36_000001_crop_metadata_clean.mp4,https://commons.wikimedia.org/wiki/File:Superhydrophobic-like-tunable-droplet-bouncing-on-slippery-liquid-interfaces-ncomms8986-s5.ogv,https://upload.wikimedia.org/wikipedia/commons/transcoded/c/c4/Superhydrophobic-like-tunable-droplet-bouncing-on-slippery-liquid-interfaces-ncomms8986-s5.ogv/Superhydrophobic-like-tunable-droplet-bouncing-on-slippery-liquid-interfaces-ncomms8986-s5.ogv.360p.webm,CC BY 4.0 / Nature Communications OA,true,,,crop_metadata_clean,a855fa2dcfa98804e9c12c9ef82c975a06e503188a34bff41e7eef1be98527c5,172940,downloaded_source_fallback,source fallback; processed derivative not available
vdcr_v1_000102,vdcr_000102,vdcr_commons_mr36_000002,release/media/videos/vdcr_v1_000102.webm,media/vdcr_segments_pilot_v1/vdcr_commons_mr36_000002_crop_metadata_clean.mp4,https://commons.wikimedia.org/wiki/File:Distinct-short-range-ovule-signals-attract-or-repel-Arabidopsis-thaliana-pollen-tubes-in-vitro-1471-2229-6-7-S2.ogv,https://upload.wikimedia.org/wikipedia/commons/transcoded/3/34/Distinct-short-range-ovule-signals-attract-or-repel-Arabidopsis-thaliana-pollen-tubes-in-vitro-1471-2229-6-7-S2.ogv/Distinct-short-range-ovule-signals-attract-or-repel-Arabidopsis-thaliana-pollen-tubes-in-vitro-1471-2229-6-7-S2.ogv.360p.webm,CC BY 2.0 / BMC Plant Biology OA,true,,,crop_metadata_clean,2c8bc81b9f76260afbe0c57a470077f1b3115d6bf4178cea7b99c8fa85b2abb2,47847,downloaded_source_fallback,source fallback; processed derivative not available
vdcr_v1_000103,vdcr_000103,vdcr_commons_mr36_000003,release/media/videos/vdcr_v1_000103.webm,media/vdcr_segments_pilot_v1/vdcr_commons_mr36_000003_crop_metadata_clean.mp4,https://commons.wikimedia.org/wiki/File:Overlapping-and-divergent-signaling-pathways-for-ARK1-and-AGD1-in-the-control-of-root-hair-polarity-Movie1.ogv,https://upload.wikimedia.org/wikipedia/commons/transcoded/7/75/Overlapping-and-divergent-signaling-pathways-for-ARK1-and-AGD1-in-the-control-of-root-hair-polarity-Movie1.ogv/Overlapping-and-divergent-signaling-pathways-for-ARK1-and-AGD1-in-the-control-of-root-hair-polarity-Movie1.ogv.360p.webm,CC BY 4.0 / PLOS Genetics OA,true,,,crop_metadata_clean,8d277c424d3e8c4d26a4ba02e63b4500632161c9d2bf683fc1c9866a18b74070,144717,downloaded_source_fallback,source fallback; processed derivative not available
vdcr_v1_000104,vdcr_000104,vdcr_commons_mr37_000001,release/media/videos/vdcr_v1_000104.webm,media/vdcr_segments_pilot_v1/vdcr_commons_mr37_000001_crop_metadata_clean.mp4,https://commons.wikimedia.org/wiki/File:Lp1989plan_hires.webm,https://upload.wikimedia.org/wikipedia/commons/transcoded/7/7c/Lp1989plan_hires.webm/Lp1989plan_hires.webm.360p.webm,USGS/public-domain source; verify on Commons page,true,,,crop_metadata_clean,2e8feea45f000dd09cee3d2c6b03e02b95b4485abd6662d83847a51b35579e11,4745325,downloaded_source_fallback,source fallback; processed derivative not available
vdcr_v1_000105,vdcr_000105,vdcr_commons_mr38_000001,release/media/videos/vdcr_v1_000105.webm,media/vdcr_segments_pilot_v1/vdcr_commons_mr38_000001_crop_metadata_clean.mp4,https://commons.wikimedia.org/wiki/File:Laminar_Flow_2.webm,https://upload.wikimedia.org/wikipedia/commons/transcoded/f/f2/Laminar_Flow_2.webm/Laminar_Flow_2.webm.360p.webm,CC BY 3.0; UNM Physics and Astronomy attribution; verify on Commons page,true,,,crop_metadata_clean,66ee073e28b6972cfa2bbdad79bd6df9358b27cfc92de92fe8b82089a22ac02a,3847929,downloaded_source_fallback,source fallback; processed derivative not available
vdcr_v1_000106,vdcr_000106,vdcr_commons_mr40_000001,release/media/videos/vdcr_v1_000106.webm,media/vdcr_segments_pilot_v1/vdcr_commons_mr40_000001_crop_metadata_clean.mp4,https://commons.wikimedia.org/wiki/File:117._%D0%91%D0%B5%D0%BD%D0%B5%D0%B4%D0%B8%D0%BA%D1%82%D0%BE%D0%B2%D0%B0_%D1%80%D0%B5%D0%B0%D0%BA%D1%86%D0%B8%D1%98%D0%B0.webm,https://upload.wikimedia.org/wikipedia/commons/transcoded/1/16/117._%D0%91%D0%B5%D0%BD%D0%B5%D0%B4%D0%B8%D0%BA%D1%82%D0%BE%D0%B2%D0%B0_%D1%80%D0%B5%D0%B0%D0%BA%D1%86%D0%B8%D1%98%D0%B0.webm/117._%D0%91%D0%B5%D0%BD%D0%B5%D0%B4%D0%B8%D0%BA%D1%82%D0%BE%D0%B2%D0%B0_%D1%80%D0%B5%D0%B0%D0%BA%D1%86%D0%B8%D1%98%D0%B0.webm.360p.webm,CC BY-SA 4.0 Commons Wikiexperiments chemistry video; verify before release,true,,,crop_metadata_clean,b835cdd1800145f1c79bdadc92a4840d4fe5de8faa2bc29ade65fb928df362f0,4710832,downloaded_source_fallback,source fallback; processed derivative not available
vdcr_v1_000107,vdcr_000107,vdcr_commons_mr41_000001,release/media/videos/vdcr_v1_000107.webm,media/vdcr_segments_pilot_v1/vdcr_commons_mr41_000001_crop_metadata_clean.mp4,https://commons.wikimedia.org/wiki/File:Padma_River_Time_Series_(1988-2018).webm,https://upload.wikimedia.org/wikipedia/commons/transcoded/b/bb/Padma_River_Time_Series_(1988-2018).webm/Padma_River_Time_Series_(1988-2018).webm.360p.webm,NASA/Landsat natural-color time series; public-domain/source license verify on Commons before release,true,,,crop_metadata_clean,a1a475d976440e925cc96315e503923178ba8e58bad7d05600dbc1a44443aa92,7253139,downloaded_source_fallback,source fallback; processed derivative not available
vdcr_v1_000108,vdcr_000108,vdcr_commons_mr42_000001,release/media/videos/vdcr_v1_000108.webm,media/vdcr_segments_pilot_v1/vdcr_commons_mr42_000001_worthington_jet_clean.mp4,https://commons.wikimedia.org/wiki/File:MakingASplash.webm,https://upload.wikimedia.org/wikipedia/commons/transcoded/6/68/MakingASplash.webm/MakingASplash.webm.360p.webm,CC BY-SA 4.0 on Commons; attribution/share-alike audit required before release,true,,,worthington_jet_clean,371c16c525550d68ecc1e2221efef5e46ceb0b3dc845b89ea81846c63bae0191,9800958,downloaded_source_fallback,source fallback; processed derivative not available
vdcr_v1_000109,vdcr_000109,vdcr_public_mr43_000002,release/media/videos/vdcr_v1_000109.mp4,media/vdcr_segments_pilot_v1/vdcr_public_mr43_000002_biofilm_expansion_clean.mp4,https://nigms.nih.gov/image-gallery/3446,https://nigms.nih.gov/sites/nigms/files/image-and-video-gallery/Biofilm_blocking_fluid_flow.mp4,NIGMS/NIH gallery source; source and reuse terms require final release audit,true,,,biofilm_expansion_clean,4966131eade6b285438d830f17377c72101fb8fec8e861d1f7216e6bf3e4e204,402364,downloaded_source_fallback,source fallback; processed derivative not available
vdcr_v1_000110,vdcr_000110,vdcr_public_mr44_000003,release/media/videos/vdcr_v1_000110.wmv,media/vdcr_segments_pilot_v1/vdcr_public_mr44_000003_electrodeposition_dendrite_01_clean.mp4,https://pmc.ncbi.nlm.nih.gov/articles/PMC9013362/,https://pmc.ncbi.nlm.nih.gov/articles/instance/9013362/bin/41598_2022_10082_MOESM3_ESM.wmv,CC BY 4.0 Scientific Reports supplementary material; final release should preserve article/video attribution,true,,,electrodeposition_dendrite_01_clean,bfafd3cadfd3ef4582c2fbad140695db56e39a1c7600ef73536e040b19863f8e,4202663,downloaded_source_fallback,source fallback; processed derivative not available; PMC PoW cookie solved
vdcr_v1_000111,vdcr_000111,vdcr_public_mr45_000001,release/media/videos/vdcr_v1_000111.mp4,media/vdcr_segments_pilot_v1/vdcr_public_mr45_000001_dune_slip_face_grain_avalanche_trim_crop_clean.mp4,https://home.nps.gov/media/video/view.htm?id=899DBB31-8EC7-42BA-A719-A880E58D823B,https://www.nps.gov/nps-audiovideo/audiovideo/1a79352d-7f75-4236-a750-e87ee0472574720p.mp4,NPS credited public-domain source; final release should preserve NPS attribution and source URL,true,,,dune_slip_face_grain_avalanche_trim_crop_clean,3dc475252e3676da1850e9bc042bb0a06536b8120947cc1e5c3014b153d9a3f3,9409310,downloaded_source_fallback,source fallback; processed derivative not available
vdcr_v1_000112,vdcr_000112,vdcr_public_mr46_000001,release/media/videos/vdcr_v1_000112.mp4,media/vdcr_segments_pilot_v1/vdcr_public_mr46_000001_capillary_rise_wicking_crop_clean.mp4,https://www.usgs.gov/media/videos/capillary-action-and-water,https://usgs-ocapsv2-public-input-media.s3.us-west-2.amazonaws.com/assets/palladium/production/s3fs-public/atoms/video/CapillaryAction_4.mp4,USGS public domain video; final release should preserve USGS attribution and source URL,true,,,capillary_rise_wicking_crop_clean,7c187af441dfefb9159bcd951a00970e5c36078e047de2edae7ae0e616e6c753,86921693,downloaded_source_fallback,source fallback; processed derivative not available
vdcr_v1_000113,vdcr_000113,vdcr_public_mr47_000001,release/media/videos/vdcr_v1_000113.mp4,media/vdcr_segments_pilot_v1/vdcr_public_mr47_000001_mitotic_chromosome_segregation_crop_clean.mp4,https://journals.plos.org/plosone/article?id=10.1371/journal.pone.0000053,https://journals.plos.org/plosone/article/file?type=supplementary&id=10.1371/journal.pone.0000053.s005,CC BY 2.5 PLOS ONE supplementary movie; final release should preserve article/video attribution,true,,,mitotic_chromosome_segregation_crop_clean,be98ea15b430ea453d8a13b09bc3c7c4b884e847eeda842e48a3004ac8203264,8076586,downloaded_source_fallback,source fallback; processed derivative not available
vdcr_v1_000114,vdcr_000114,vdcr_public_mr48_000001,release/media/videos/vdcr_v1_000114.webm,media/vdcr_segments_pilot_v1/vdcr_public_mr48_000001_droplet_spreading_retraction_clean.mp4,https://commons.wikimedia.org/wiki/File:Water-droplet-impact-on-elastic-superhydrophobic-surfaces-srep30328-s6.ogv,https://upload.wikimedia.org/wikipedia/commons/transcoded/9/91/Water-droplet-impact-on-elastic-superhydrophobic-surfaces-srep30328-s6.ogv/Water-droplet-impact-on-elastic-superhydrophobic-surfaces-srep30328-s6.ogv.360p.webm,CC BY 4.0 Scientific Reports supplementary movie on Wikimedia Commons; final release should preserve article/video attribution,true,,,droplet_spreading_retraction_clean,46e261a44d28a6304bfd6fe1252cfcac3a82fdc06d238a2ea02aa1283cdfa611,243955,downloaded_source_fallback,source fallback; processed derivative not available
vdcr_v1_000115,vdcr_000115,vdcr_public_mr49_000001,release/media/videos/vdcr_v1_000115.webm,media/vdcr_segments_pilot_v1/vdcr_public_mr49_000001_flame_blowoff_clean.mp4,https://commons.wikimedia.org/wiki/File:Webp.net-gifmaker_(1).gif,https://upload.wikimedia.org/wikipedia/commons/6/62/Webp.net-gifmaker_%281%29.gif,CC BY-SA 4.0 Wikimedia Commons self-published GIF by Estebandgj; final release should preserve source attribution and share-alike terms,true,,,flame_blowoff_clean,3f0d9cfcbf07f0e289edd7bcc181ae7ea42a01e8185da0e1e28a4e6af1dee2b3,4698883,downloaded_source_fallback,source fallback; processed derivative not available
