video_id,split,domain,subdomain,concept_id,answer,media_asset_id,local_media,duration_sec,source_url,license_or_usage_note,concept_validity_tier,production_gate
vdcr_000001,pilot,biology_living_systems,biology_family_06,vdcr_concept_0162,Endocytosis,vdcr_v1_000001,release/media/videos/vdcr_v1_000001.mp4,16.393,https://archive.org/details/yt_0sclkA3hoMk,archive_license_verify_on_page,strict_main_candidate,must_show_membrane_invagination_and_vesicle_formation_not_static_cell_image
vdcr_000002,pilot,biology_living_systems,biology_family_06,vdcr_concept_0163,Exocytosis,vdcr_v1_000002,release/media/videos/vdcr_v1_000002.mp4,19.946,https://archive.org/details/yt_pCpgtHum0oA,archive_license_verify_on_page,strict_main_candidate,must_show_vesicle_motion_fusion_or_release_not_static_cell_image
vdcr_000003,pilot,physics_physical_systems,physics_family_04,vdcr_concept_0025,Dzhanibekov Effect / Tennis Racket Theorem,vdcr_v1_000003,release/media/videos/vdcr_v1_000003.mp4,28.934,https://archive.org/details/youtube-vklY1bHIi1I,archive_license_verify_on_page,core_main,video_must_show_named_dynamic_mechanism_sequence_without_title_or_source_leakage
vdcr_000004,pilot,chemistry_materials_change,materials_family_03,vdcr_concept_0074,Briggs-Rauscher Reaction,vdcr_v1_000004,release/media/videos/vdcr_v1_000004.mp4,29.893,https://archive.org/details/youtube-VjPQA8aXE_M,archive_license_verify_on_page,core_main,video_must_show_material_or_reaction_state_evolution; source_text_may_only_double_check_not_supply_answer
vdcr_000005,pilot,physics_physical_systems,physics_family_03,vdcr_concept_0023,Double Pendulum Chaos,vdcr_v1_000005,release/media/videos/vdcr_v1_000005.mp4,141.6,https://archive.org/details/DoublePendulum,http://creativecommons.org/licenses/by-sa/3.0/us/,strict_main_candidate,video_must_show_named_dynamic_mechanism_sequence_without_title_or_source_leakage
vdcr_000006,pilot,biology_living_systems,biology_family_01,vdcr_concept_0114,Murmuration,vdcr_v1_000006,release/media/videos/vdcr_v1_000006.ogv,99.8,https://archive.org/details/Flickr-38609728842,https://creativecommons.org/licenses/by/2.0/,strict_main_candidate,must_show_collective_shape_wave_synchronous_turning_or_flow_like_flock_reorganization
vdcr_000007,pilot,chemistry_materials_change,materials_family_07,vdcr_concept_0090,Diffusion Flame,vdcr_v1_000007,release/media/videos/vdcr_v1_000007.ogv,10.0,https://archive.org/details/MSFC-0300185,archive_license_verify_on_page,strict_main_candidate,must_show_nonpremixed_fuel_oxidizer_interface_or_flame_establishment_not_just_fire
vdcr_000008,pilot,earth_environmental_systems,earth_family_05,vdcr_concept_0219,Slab Avalanche Release,vdcr_v1_000008,release/media/videos/vdcr_v1_000008.ogv,90.017,https://archive.org/details/WaSeUMCEMC4178AvalancheDynamics,http://creativecommons.org/licenses/by-nc-sa/3.0/,core_main,video_must_show_process_evolution_or_instability_sequence_not_static_landform_or_event_label
vdcr_000009,pilot,chemistry_materials_change,materials_family_03,vdcr_concept_0073,Belousov-Zhabotinsky Reaction,vdcr_v1_000009,release/media/videos/vdcr_v1_000009.webm,90.0,https://archive.org/details/youtube-r7pijdgK670,archive_license_verify_on_page,core_main,video_must_show_material_or_reaction_state_evolution; source_text_may_only_double_check_not_supply_answer
vdcr_000010,pilot,earth_environmental_systems,earth_family_04,vdcr_concept_0211,Pahoehoe Lava Roping,vdcr_v1_000010,release/media/videos/vdcr_v1_000010.mp4,35.06,https://archive.org/details/erputive-phenomea,archive_license_verify_on_page,core_main,video_must_show_process_evolution_or_instability_sequence_not_static_landform_or_event_label
vdcr_000011,pilot,earth_environmental_systems,earth_family_05,vdcr_concept_0218,Ice Cliff Calving,vdcr_v1_000011,release/media/videos/vdcr_v1_000011.mp4,13.0,https://archive.org/details/vimeo-303438254,archive_license_verify_on_page,strict_main_candidate,must_show_crack_or_instability_then_ice_cliff_detachment_and_fall_sequence
vdcr_000012,pilot,chemistry_materials_change,materials_family_03,vdcr_concept_0070,Iodine Clock Reaction,vdcr_v1_000012,release/media/videos/vdcr_v1_000012.mp4,10.01,https://archive.org/details/youtube-f9CVF4yLluY,archive_license_verify_on_page,core_main,video_must_show_material_or_reaction_state_evolution; source_text_may_only_double_check_not_supply_answer
vdcr_000013,pilot,biology_living_systems,biology_family_05,vdcr_concept_0153,Cytoplasmic Streaming,vdcr_v1_000013,release/media/videos/vdcr_v1_000013.mp4,40.007,https://archive.org/details/ccpamd-amoeba,archive_license_verify_on_page,core_main,video_must_show_biological_dynamic_sequence_or_strategy_not_species_or_generic_action
vdcr_000014,pilot,biology_living_systems,biology_family_04,vdcr_concept_0146,Thigmonasty,vdcr_v1_000014,release/media/videos/vdcr_v1_000014.mp4,12.9,https://archive.org/details/wikimedia-org-Mimosa_pudica_leaves_folding_when_touched_3,archive_license_verify_on_page,core_main,video_must_show_biological_dynamic_sequence_or_strategy_not_species_or_generic_action
vdcr_000015,pilot,chemistry_materials_change,materials_family_01,vdcr_concept_0059,Shear Thickening,vdcr_v1_000015,release/media/videos/vdcr_v1_000015.mp4,18.001,https://archive.org/details/youtube-4AxiXS9n0dw,archive_license_verify_on_page,core_main,video_must_show_material_or_reaction_state_evolution; source_text_may_only_double_check_not_supply_answer
vdcr_000016,pilot,earth_environmental_systems,earth_family_04,vdcr_concept_0212,Aa Lava Front Advance,vdcr_v1_000016,release/media/videos/vdcr_v1_000016.ogv,24.992,https://archive.org/details/volcanoes,http://creativecommons.org/licenses/publicdomain/,strict_main_candidate,video_must_show_process_evolution_or_instability_sequence_not_static_landform_or_event_label
vdcr_000017,pilot,earth_environmental_systems,earth_family_06,vdcr_concept_0222,Fire-Whirl Vortex Formation,vdcr_v1_000017,release/media/videos/vdcr_v1_000017.ogv,16.016,https://archive.org/details/B.C.FirefighterCapturesVideoOfFireWhirl,archive_license_verify_on_page,strict_main_candidate,video_must_show_process_evolution_or_instability_sequence_not_static_landform_or_event_label
vdcr_000018,pilot,chemistry_materials_change,materials_family_04,vdcr_concept_0076,Chemical Garden Growth,vdcr_v1_000018,release/media/videos/vdcr_v1_000018.mp4,12.0,https://commons.wikimedia.org/wiki/File:Chemical_garden_growing.webm,CC-BY-3.0 reviewed YouTube source on Commons,core_main,video_must_show_material_or_reaction_state_evolution; source_text_may_only_double_check_not_supply_answer
vdcr_000019,pilot,chemistry_materials_change,materials_family_03,vdcr_concept_0071,Blue Bottle Reaction,vdcr_v1_000019,release/media/videos/vdcr_v1_000019.mp4,130.0,https://commons.wikimedia.org/wiki/File:Blue_bottle_(chemical_reaction).webm,CC-BY-3.0 reviewed YouTube source on Commons,strict_main_candidate,must_show_shaking_or_oxygenation_cycle_and_reversible_color_recovery_without_title_leakage
vdcr_000020,pilot,biology_living_systems,biology_family_04,vdcr_concept_0143,Phototropism,vdcr_v1_000020,release/media/videos/vdcr_v1_000020.webm,18.018,https://commons.wikimedia.org/wiki/File:Phototropism_in_Solanum_lycopersicum.webm,CC-BY reviewed YouTube source on Commons,core_main,video_must_show_biological_dynamic_sequence_or_strategy_not_species_or_generic_action
vdcr_000021,pilot,earth_environmental_systems,earth_family_08,vdcr_concept_0235,Tidal Bore,vdcr_v1_000021,release/media/videos/vdcr_v1_000021.mp4,80.0,https://commons.wikimedia.org/wiki/File:Arnside_bore.ogv,CC-BY-SA-3.0,core_main,video_must_show_process_evolution_or_instability_sequence_not_static_landform_or_event_label
vdcr_000022,pilot,physics_physical_systems,physics_family_01,vdcr_concept_0008,Hydraulic Jump,vdcr_v1_000022,release/media/videos/vdcr_v1_000022.mp4,35.0,https://commons.wikimedia.org/wiki/File:%D0%93%D0%B8%D0%B4%D1%80%D0%B0%D0%B2%D0%BB%D0%B8%D1%87%D0%B5%D1%81%D0%BA%D0%B8%D0%B9_%D0%BF%D1%80%D1%8B%D0%B6%D0%BE%D0%BA.webm,CC-BY-3.0 GetAClass/Wikimedia RU project,core_main,video_must_show_named_dynamic_mechanism_sequence_without_title_or_source_leakage
vdcr_000023,pilot,physics_physical_systems,physics_family_01,vdcr_concept_0002,Vortex Shedding / Karman Vortex Street,vdcr_v1_000023,release/media/videos/vdcr_v1_000023.ogv,5.239,https://commons.wikimedia.org/wiki/File:K-V_Street_Video1.ogv,Public domain on Commons,core_main,video_must_show_named_dynamic_mechanism_sequence_without_title_or_source_leakage
vdcr_000024,pilot,physics_physical_systems,physics_family_02,vdcr_concept_0014,Leidenfrost Droplet Motion,vdcr_v1_000024,release/media/videos/vdcr_v1_000024.webm,17.512,https://commons.wikimedia.org/wiki/File:Effet_Leidenfrost.webm,CC-BY-SA-4.0 on Commons,strict_main_candidate,must_show_hot_surface_vapor_cushion_behavior_sustained_sliding_or_lifetime_change_without_text_leakage
vdcr_000025,pilot,physics_physical_systems,physics_family_02,vdcr_concept_0012,Capillary-Driven Jet/Thread Breakup,vdcr_v1_000025,release/media/videos/vdcr_v1_000025.webm,9.4,https://commons.wikimedia.org/wiki/File:Capillary_breakup.webm,CC-BY-SA-4.0 on Commons,strict_main_candidate,video_must_show_named_dynamic_mechanism_sequence_without_title_or_source_leakage
vdcr_000026,pilot,earth_environmental_systems,earth_family_01,vdcr_concept_0191,Supercell Mesocyclone Rotation,vdcr_v1_000026,release/media/videos/vdcr_v1_000026.webm,10.034,https://commons.wikimedia.org/wiki/File:A_supercell_with_rotating_updraft_in_SE_Colorado_and_SW_Kansas_(CIRA_2019-05-03).webm,Public domain NOAA/CSU-CIRA material on Commons,core_main,video_must_show_process_evolution_or_instability_sequence_not_static_landform_or_event_label
vdcr_000027,pilot,chemistry_materials_change,materials_family_02,vdcr_concept_0069,Supercooled Liquid Rapid Crystallization,vdcr_v1_000027,release/media/videos/vdcr_v1_000027.webm,45.081,https://commons.wikimedia.org/wiki/File:32._%D0%9A%D1%80%D0%B8%D1%81%D1%82%D0%B0%D0%BB%D0%B8%D0%B7%D0%B0%D1%86%D0%B8%D1%98%D0%B0_%D0%BD%D0%B0_%D0%BD%D0%B0%D1%82%D1%80%D0%B8%D1%83%D0%BC_%D0%B0%D1%86%D0%B5%D1%82%D0%B0%D1%82.ogv,CC-BY-SA-4.0 on Commons own work,core_main,video_must_show_material_or_reaction_state_evolution; source_text_may_only_double_check_not_supply_answer
vdcr_000028,pilot,chemistry_materials_change,materials_family_04,vdcr_concept_0078,Liesegang Ring Formation,vdcr_v1_000028,release/media/videos/vdcr_v1_000028.webm,31.419,https://commons.wikimedia.org/wiki/File:Liesegang_band_experiment.webm,CC-BY-3.0 YouTube source reviewed on Commons,core_main,video_must_show_material_or_reaction_state_evolution; source_text_may_only_double_check_not_supply_answer
vdcr_000029,pilot,chemistry_materials_change,materials_family_06,vdcr_concept_0086,Thin-Film Dewetting,vdcr_v1_000029,release/media/videos/vdcr_v1_000029.webm,17.917,https://commons.wikimedia.org/wiki/File:Multiplex-lithography-for-multilevel-multiscale-architectures-and-its-application-to-polymer-ncomms9484-s3.ogv,CC-BY-4.0 on Commons from Nature Communications supplementary movie,core_main,video_must_show_material_or_reaction_state_evolution; source_text_may_only_double_check_not_supply_answer
vdcr_000030,pilot,biology_living_systems,biology_family_04,vdcr_concept_0151,Bistable Snap-Trap Closure,vdcr_v1_000030,release/media/videos/vdcr_v1_000030.webm,88.239,https://commons.wikimedia.org/wiki/File:Venus_Flytrap_(time_lapse).webm,CC-BY-3.0 YouTube source reviewed on Commons,core_main,video_must_show_biological_dynamic_sequence_or_strategy_not_species_or_generic_action
vdcr_000031,pilot,earth_environmental_systems,earth_family_01,vdcr_concept_0194,Gust Front Propagation,vdcr_v1_000031,release/media/videos/vdcr_v1_000031.webm,5.138,https://commons.wikimedia.org/wiki/File:Gust_Front_Expands_From_Storms_Over_the_Gulf_of_Mexico_(CIRA_2024-04-29_-_nolabels_portrait).webm,Public domain NOAA/CSU-CIRA material on Commons,strict_main_candidate,video_must_show_process_evolution_or_instability_sequence_not_static_landform_or_event_label
vdcr_000032,pilot,biology_living_systems,biology_family_07,vdcr_concept_0168,Microtubule Dynamic Instability,vdcr_v1_000032,release/media/videos/vdcr_v1_000032.webm,13.367,https://commons.wikimedia.org/wiki/File:MicrotubuleDynamicInstability.ogv,Commons page/license review needed,core_main,video_must_show_biological_dynamic_sequence_or_strategy_not_species_or_generic_action
vdcr_000033,pilot,biology_living_systems,biology_family_05,vdcr_concept_0159,Calcium Wave Propagation,vdcr_v1_000033,release/media/videos/vdcr_v1_000033.webm,5.0,https://commons.wikimedia.org/wiki/File:Calcium-Wave-Propagation-in-Networks-of-Endothelial-Cells-Model-based-Theoretical-and-Experimental-pcbi.1002847.s006.ogv,Commons/PLOS supplementary license review needed,core_main,video_must_show_biological_dynamic_sequence_or_strategy_not_species_or_generic_action
vdcr_000034,pilot,earth_environmental_systems,earth_family_07,vdcr_concept_0232,Dust Storm Front Propagation,vdcr_v1_000034,release/media/videos/vdcr_v1_000034.webm,17.441,https://commons.wikimedia.org/wiki/File:Phoenix_DustStorm.webm,Commons page/license review needed,strict_main_candidate,video_must_show_process_evolution_or_instability_sequence_not_static_landform_or_event_label
vdcr_000035,pilot,earth_environmental_systems,earth_family_06,vdcr_concept_0225,Buoyancy-Driven Smoke Plume Rise,vdcr_v1_000035,release/media/videos/vdcr_v1_000035.webm,4.104,https://commons.wikimedia.org/wiki/File:Fires_Billow_Smoke_Across_the_Pacific_Northwest_(CIRA_2024-09-05_-_nolabels).webm,NOAA/CIRA public-domain likely; Commons page/license review needed,strict_main_candidate,must_show_buoyancy_driven_plume_generation_rise_and_expansion_not_just_smoke
vdcr_000036,pilot,physics_physical_systems,physics_family_04,vdcr_concept_0028,Brazil Nut Effect,vdcr_v1_000036,release/media/videos/vdcr_v1_000036.webm,18.073,https://commons.wikimedia.org/wiki/File:Paranuss-Effekt_Brazil_Nut_Effect_Granular_Convection.webm,CC-BY-SA-4.0 Commons own work,core_main,video_must_show_named_dynamic_mechanism_sequence_without_title_or_source_leakage
vdcr_000037,pilot,physics_physical_systems,physics_family_02,vdcr_concept_0013,Liquid Bridge Pinch-Off,vdcr_v1_000037,release/media/videos/vdcr_v1_000037.webm,7.513,https://commons.wikimedia.org/wiki/File:Pinch-off_in_two-fluid_systems.webm,CC-BY-3.0 YouTube source reviewed on Commons,strict_main_candidate,must_show_bridge_stretching_necking_and_final_breakup_sequence
vdcr_000038,pilot,chemistry_materials_change,materials_family_06,vdcr_concept_0083,Spinodal Decomposition,vdcr_v1_000038,release/media/videos/vdcr_v1_000038.webm,23.76,https://commons.wikimedia.org/wiki/File:Entropy-driven-formation-of-chiral-nematic-phases-by-computer-simulations-ncomms11175-s4.ogv,CC-BY-4.0 Commons/Nature Communications supplementary movie,core_main,video_must_show_material_or_reaction_state_evolution; source_text_may_only_double_check_not_supply_answer
vdcr_000039,pilot,biology_living_systems,biology_family_01,vdcr_concept_0111,Metachronal Wave Locomotion,vdcr_v1_000039,release/media/videos/vdcr_v1_000039.webm,14.44,https://commons.wikimedia.org/wiki/File:Animation_of_swimming_ciliate.webm,CC-BY-SA-4.0 Commons reviewed scientific animation,core_main,video_must_show_biological_dynamic_sequence_or_strategy_not_species_or_generic_action
vdcr_000040,pilot,earth_environmental_systems,earth_family_04,vdcr_concept_0210,Pyroclastic Density Current,vdcr_v1_000040,release/media/videos/vdcr_v1_000040.webm,25.017,"https://commons.wikimedia.org/wiki/File:An_explosive_eruption_occurred_at_Kanlaon_Volcano_on_December_9,_2024.webm",Public domain Commons/PHIVOLCS-DOST,core_main,video_must_show_process_evolution_or_instability_sequence_not_static_landform_or_event_label
vdcr_000041,pilot,earth_environmental_systems,earth_family_02,vdcr_concept_0196,Meander Neck Cutoff,vdcr_v1_000041,release/media/videos/vdcr_v1_000041.webm,5.6,https://commons.wikimedia.org/wiki/File:Meandering_on_Ucayali_River.gif,CC-BY-SA-4.0 Commons own work,core_main,video_must_show_process_evolution_or_instability_sequence_not_static_landform_or_event_label
vdcr_000042,pilot,physics_physical_systems,physics_family_01,vdcr_concept_0004,Kelvin-Helmholtz Instability,vdcr_v1_000042,release/media/videos/vdcr_v1_000042.webm,8.267,https://commons.wikimedia.org/wiki/File:Kelvin-Helmholtz_Instability.ogv,Public domain Commons simulation,core_main,video_must_show_named_dynamic_mechanism_sequence_without_title_or_source_leakage
vdcr_000043,pilot,physics_physical_systems,physics_family_05,vdcr_concept_0039,Vortex Ring Formation,vdcr_v1_000043,release/media/videos/vdcr_v1_000043.mp4,32.533,https://commons.wikimedia.org/wiki/File:Origin-and-dynamics-of-vortex-rings-in-drop-splashing-ncomms9187-s3.ogv,CC-BY-4.0 Commons/Nature Communications supplementary movie,core_main,video_must_show_named_dynamic_mechanism_sequence_without_title_or_source_leakage
vdcr_000044,pilot,biology_living_systems,biology_family_01,vdcr_concept_0112,Bubble-Net Feeding,vdcr_v1_000044,release/media/videos/vdcr_v1_000044.webm,42.988,https://commons.wikimedia.org/wiki/File:Bubble_net_feeding.webm,CC-BY-4.0 license review needed,core_main,video_must_show_biological_dynamic_sequence_or_strategy_not_species_or_generic_action
vdcr_000045,pilot,chemistry_materials_change,materials_family_02,vdcr_concept_0066,Dendritic Crystal Growth,vdcr_v1_000045,release/media/videos/vdcr_v1_000045.gif,2.5,https://commons.wikimedia.org/wiki/File:Dendrite_formation.gif,Public domain Commons animation,core_main,video_must_show_material_or_reaction_state_evolution; source_text_may_only_double_check_not_supply_answer
vdcr_000046,pilot,chemistry_materials_change,materials_family_06,vdcr_concept_0084,Ostwald Ripening,vdcr_v1_000046,release/media/videos/vdcr_v1_000046.mp4,34.0,https://commons.wikimedia.org/wiki/File:A-general-patterning-approach-by-manipulating-the-evolution-of-two-dimensional-liquid-foams-ncomms14110-s2.ogv,CC-BY-4.0 Commons/Nature Communications supplementary movie,strict_main_candidate,video_must_show_material_or_reaction_state_evolution; source_text_may_only_double_check_not_supply_answer
vdcr_000047,pilot,biology_living_systems,biology_family_05,vdcr_concept_0157,Axonal Transport,vdcr_v1_000047,release/media/videos/vdcr_v1_000047.webm,20.0,https://commons.wikimedia.org/wiki/File:Rabies-Virus-Hijacks-and-Accelerates-the-p75NTR-Retrograde-Axonal-Transport-Machinery-ppat.1004348.s005.ogv,CC BY 4.0,strict_main_candidate,video_must_show_biological_dynamic_sequence_or_strategy_not_species_or_generic_action
vdcr_000048,pilot,biology_living_systems,biology_family_06,vdcr_concept_0164,Phagocytosis,vdcr_v1_000048,release/media/videos/vdcr_v1_000048.webm,57.8,https://commons.wikimedia.org/wiki/File:%D0%9D%D0%B5%D0%B9%D1%82%D1%80%D0%BE%D1%84%D0%B8%D0%BB_%D0%BA%D1%80%D0%BE%D0%B2%D0%B8_%D1%87%D0%B5%D0%BB%D0%BE%D0%B2%D0%B5%D0%BA%D0%B0_%D1%84%D0%B0%D0%B3%D0%BE%D1%86%D0%B8%D1%82%D0%B8%D1%80%D1%83%D0%B5%D1%82_%D0%B1%D0%B0%D0%BA%D1%82%D0%B5%D1%80%D0%B8%D1%8E.webm,CC BY 4.0,strict_main_candidate,video_must_show_biological_dynamic_sequence_or_strategy_not_species_or_generic_action
vdcr_000049,pilot,earth_environmental_systems,earth_family_03,vdcr_concept_0209,Debris-Flow Surge Propagation,vdcr_v1_000049,release/media/videos/vdcr_v1_000049.webm,40.0,https://commons.wikimedia.org/wiki/File:Bondo_Aug_2017.webm,CC0,strict_main_candidate,video_must_show_process_evolution_or_instability_sequence_not_static_landform_or_event_label
vdcr_000050,pilot,earth_environmental_systems,earth_family_08,vdcr_concept_0234,Plunging Breaker,vdcr_v1_000050,release/media/videos/vdcr_v1_000050.webm,8.75,https://commons.wikimedia.org/wiki/File:Plunging_breaker_single.gif,CC BY-SA 2.0 DE,strict_main_candidate,must_show_crest_steepening_overturning_entrainment_and_breaking_sequence
vdcr_000051,pilot,earth_environmental_systems,earth_family_06,vdcr_concept_0227,Pyrocumulus Development,vdcr_v1_000051,release/media/videos/vdcr_v1_000051.webm,5.272,https://commons.wikimedia.org/wiki/File:Pyrocumulonimbus_Billow_From_Alberta_Wildfires_(CIRA_2025-05-30_-_nolabels).webm,Public domain NOAA,strict_main_candidate,video_must_show_process_evolution_or_instability_sequence_not_static_landform_or_event_label
vdcr_000052,pilot,physics_physical_systems,physics_family_01,vdcr_concept_0003,Cavitation Bubble Growth and Collapse,vdcr_v1_000052,release/media/videos/vdcr_v1_000052.webm,56.14,https://commons.wikimedia.org/wiki/File:Cavitation_in_a_gear_pump.ogv,CC0,core_main,video_must_show_named_dynamic_mechanism_sequence_without_title_or_source_leakage
vdcr_000053,pilot,chemistry_materials_change,materials_family_03,vdcr_concept_0072,Chemical Traffic Light Reaction,vdcr_v1_000053,release/media/videos/vdcr_v1_000053.webm,56.617,https://commons.wikimedia.org/wiki/File:Chemical_traffic_light_reaction_time-lapse.webm,CC BY-SA 4.0/GFDL,strict_main_candidate,video_must_show_material_or_reaction_state_evolution; source_text_may_only_double_check_not_supply_answer
vdcr_000055,pilot,chemistry_materials_change,materials_family_08,vdcr_concept_0098,Electrolysis Bubble Nucleation and Detachment,vdcr_v1_000055,release/media/videos/vdcr_v1_000055.webm,30.709,https://commons.wikimedia.org/wiki/File:Separating-hydrogen-and-oxygen-evolution-in-alkaline-water-electrolysis-using-nickel-hydroxide-ncomms11741-s4.ogv,CC BY 4.0 Commons/Nature Communications supplementary movie,strict_main_candidate,video_must_show_material_or_reaction_state_evolution; source_text_may_only_double_check_not_supply_answer
vdcr_000056,pilot,biology_living_systems,biology_family_05,vdcr_concept_0158,Coordinated Ciliary Beating Dynamics,vdcr_v1_000056,release/media/videos/vdcr_v1_000056.webm,16.667,https://commons.wikimedia.org/wiki/File:Mutation-of-Growth-Arrest-Specific-8-Reveals-a-Role-in-Motile-Cilia-Function-and-Human-Disease-pgen.1006220.s002.ogv,CC BY 4.0 Commons/PLOS Genetics supplementary movie,strict_main_candidate,must_show_coordinated_repeated_ciliary_motion_or_metachronal_pattern_not_static_cell_structure
vdcr_000057,pilot,physics_physical_systems,physics_family_04,vdcr_concept_0024,Gyroscopic Precession,vdcr_v1_000057,release/media/videos/vdcr_v1_000057.gif,2.1,https://commons.wikimedia.org/wiki/File:Gyroscope_precession.gif,Public domain Commons animation,core_main,video_must_show_named_dynamic_mechanism_sequence_without_title_or_source_leakage
vdcr_000058,pilot,earth_environmental_systems,earth_family_02,vdcr_concept_0201,Turbidity Current Propagation,vdcr_v1_000058,release/media/videos/vdcr_v1_000058.webm,43.009,https://serc.carleton.edu/details/files/31382.html,CC BY-NC-SA 3.0 noncommercial educational media; final release audit required,strict_main_candidate,video_must_show_process_evolution_or_instability_sequence_not_static_landform_or_event_label
vdcr_000059,pilot,biology_living_systems,biology_family_04,vdcr_concept_0148,Nyctinasty,vdcr_v1_000059,release/media/videos/vdcr_v1_000059.webm,50.88,https://commons.wikimedia.org/wiki/File:Nachtkerze02-50p.ogv,CC BY-SA 3.0 Commons own-work video,core_main,video_must_show_biological_dynamic_sequence_or_strategy_not_species_or_generic_action
vdcr_000060,pilot,chemistry_materials_change,materials_family_07,vdcr_concept_0089,Reactive Flame-Front Propagation,vdcr_v1_000060,release/media/videos/vdcr_v1_000060.webm,15.2,https://commons.wikimedia.org/wiki/File:Slow-motion_video_of_flame_front_extending_along_a_channel.webm,CC BY-SA 4.0 Commons own-work video; clean derivative required,strict_main_candidate,must_show_reactive_flame_front_advancing_through_fuel_or_mixture_not_generic_fire_motion
vdcr_000061,pilot,chemistry_materials_change,materials_family_08,vdcr_concept_0097,Metal Displacement Dendrite Growth,vdcr_v1_000061,release/media/videos/vdcr_v1_000061.webm,31.364,https://commons.wikimedia.org/wiki/File:Silver.webm,CC BY 4.0 Commons own-work microscopy video; clean derivative required,strict_main_candidate,video_must_show_material_or_reaction_state_evolution; source_text_may_only_double_check_not_supply_answer
vdcr_000062,pilot,biology_living_systems,biology_family_04,vdcr_concept_0144,Gravitropism,vdcr_v1_000062,release/media/videos/vdcr_v1_000062.webm,1.6,https://commons.wikimedia.org/wiki/File:Gravitropism_in_Roots.gif,CC BY-SA 4.0 Commons own-work animation,core_main,video_must_show_biological_dynamic_sequence_or_strategy_not_species_or_generic_action
vdcr_000063,pilot,earth_environmental_systems,earth_family_01,vdcr_concept_0192,Tornadogenesis,vdcr_v1_000063,release/media/videos/vdcr_v1_000063.webm,36.217,https://commons.wikimedia.org/wiki/File:Tornado_time_lapse.webm,CC BY-SA 4.0,core_main,video_must_show_process_evolution_or_instability_sequence_not_static_landform_or_event_label
vdcr_000064,pilot,physics_physical_systems,physics_family_02,vdcr_concept_0009,Rayleigh-Plateau Breakup,vdcr_v1_000064,release/media/videos/vdcr_v1_000064.webm,4.0,https://commons.wikimedia.org/wiki/File:Water_drop_animation_enhanced.ogv,CC BY-SA 3.0 Commons slow-motion animation; no-audio derivative if admitted,core_main,video_must_show_named_dynamic_mechanism_sequence_without_title_or_source_leakage
vdcr_000065,pilot,physics_physical_systems,physics_family_02,vdcr_concept_0015,Marangoni-Driven Flow,vdcr_v1_000065,release/media/videos/vdcr_v1_000065.webm,5.6,https://commons.wikimedia.org/wiki/File:Marangoni-effect-visualized-in-two-dimensions-Optical-tweezers-for-gas-bubbles-srep34787-s6.ogv,CC BY 4.0 Commons/Scientific Reports supplementary video,strict_main_candidate,must_show_surface_tension_gradient_driven_directed_transport_with_source_double_check
vdcr_000066,pilot,chemistry_materials_change,materials_family_01,vdcr_concept_0064,Weissenberg Rod-Climbing Effect,vdcr_v1_000066,release/media/videos/vdcr_v1_000066.webm,24.0,https://web.mit.edu/nnf/research/phenomena/rodclimbing.html,MIT educational source; final release license/permission audit required,core_main,video_must_show_material_or_reaction_state_evolution; source_text_may_only_double_check_not_supply_answer
vdcr_000067,pilot,biology_living_systems,biology_family_09,vdcr_concept_0184,Plasmolysis and Deplasmolysis,vdcr_v1_000067,release/media/videos/vdcr_v1_000067.webm,20.787,https://commons.wikimedia.org/wiki/File:Plazmoliz_and_deplazmoliz.ogv,CC BY-SA 4.0 Commons onion epidermal timelapse,strict_main_candidate,video_must_show_biological_dynamic_sequence_or_strategy_not_species_or_generic_action
vdcr_000068,pilot,earth_environmental_systems,earth_family_02,vdcr_concept_0198,River Avulsion,vdcr_v1_000068,release/media/videos/vdcr_v1_000068.mp4,3.9,https://developers.google.com/earth-engine/timelapse/videos#kosi-river-bihar-india,CC BY 4.0 no-label Earth Timelapse video; attribution required,strict_main_candidate,video_must_show_process_evolution_or_instability_sequence_not_static_landform_or_event_label
vdcr_000069,pilot,physics_physical_systems,physics_family_01,vdcr_concept_0007,Taylor-Couette Vortices,vdcr_v1_000069,release/media/videos/vdcr_v1_000069.webm,3.334,https://commons.wikimedia.org/wiki/File:Magnetic-field-induced-flow-pattern-reversal-in-a-ferrofluidic-Taylor-Couette-system-srep18589-s8.ogv,CC BY 4.0 Commons/Scientific Reports supplementary movie,strict_main_candidate,video_must_show_named_dynamic_mechanism_sequence_without_title_or_source_leakage
vdcr_000070,pilot,chemistry_materials_change,materials_family_02,vdcr_concept_0068,Crystallization Front Propagation,vdcr_v1_000070,release/media/videos/vdcr_v1_000070.webm,25.73,https://commons.wikimedia.org/wiki/File:Potassium_permanganate_-_KMnO4_-_crystallization_of_aqueous_solution.webm,CC BY-SA 4.0 Commons crystallization video,strict_main_candidate,video_must_show_material_or_reaction_state_evolution; source_text_may_only_double_check_not_supply_answer
vdcr_000071,pilot,biology_living_systems,biology_family_05,vdcr_concept_0155,Cytokinetic Furrow Ingression,vdcr_v1_000071,release/media/videos/vdcr_v1_000071.webm,36.143,https://commons.wikimedia.org/wiki/File:Reed-Sternberg-Cells-Form-by-Abscission-Failure-in-the-Presence-of-Functional-Aurora-B-Kinase-pone.0124629.s006.ogv,CC BY 4.0 Commons/PLOS ONE DIC time-lapse,strict_main_candidate,video_must_show_biological_dynamic_sequence_or_strategy_not_species_or_generic_action
vdcr_000072,pilot,physics_physical_systems,physics_family_01,vdcr_concept_0001,Magnus Effect,vdcr_v1_000072,release/media/videos/vdcr_v1_000072.gif,10.1,https://commons.wikimedia.org/wiki/File:Magnus_effect.gif,CC BY-SA 4.0 Commons GIF,strict_main_candidate,must_show_object_spin_curved_trajectory_and_fluid_deflection_or_lift_effect_not_just_ball_motion
vdcr_000073,pilot,chemistry_materials_change,materials_family_09,vdcr_concept_0104,Osmotic Gel Swelling Dynamics,vdcr_v1_000073,release/media/videos/vdcr_v1_000073.webm,18.133,https://commons.wikimedia.org/wiki/File:Hydraulic-hydrogel-actuators-and-robots-optically-and-sonically-camouflaged-in-water-ncomms14230-s6.ogv,CC BY 4.0 Commons/Nature Communications video,strict_main_candidate,must_show_osmotic_or_solvent_driven_volume_increase_over_time
vdcr_000074,pilot,biology_living_systems,biology_family_07,vdcr_concept_0173,Membrane Blebbing,vdcr_v1_000074,release/media/videos/vdcr_v1_000074.webm,40.0,https://commons.wikimedia.org/wiki/File:Membrane-Blebbing-Is-Required-for-Mesenchymal-Precursor-Migration-pone.0150004.s007.ogv,CC BY 4.0 Commons/PLOS ONE video,strict_main_candidate,video_must_show_biological_dynamic_sequence_or_strategy_not_species_or_generic_action
vdcr_000075,pilot,earth_environmental_systems,earth_family_09,vdcr_concept_0241,Headward Erosion,vdcr_v1_000075,release/media/videos/vdcr_v1_000075.webm,15.942,https://commons.wikimedia.org/wiki/File:Upward-erosion.ogv,CC BY-SA 2.5 Commons video,strict_main_candidate,video_must_show_process_evolution_or_instability_sequence_not_static_landform_or_event_label
vdcr_000076,pilot,physics_physical_systems,physics_family_08,vdcr_concept_0058,Thermocapillary Convection,vdcr_v1_000076,release/media/videos/vdcr_v1_000076.webm,88.6,https://commons.wikimedia.org/wiki/File:Dynamics-and-universal-scaling-law-in-geometrically-controlled-sessile-drop-evaporation-ncomms14783-s5.ogv,CC BY 4.0 Commons/Nature Communications video,strict_main_candidate,video_must_show_named_dynamic_mechanism_sequence_without_title_or_source_leakage
vdcr_000077,pilot,chemistry_materials_change,materials_family_05,vdcr_concept_0082,Evaporation-Induced Deposition Front,vdcr_v1_000077,release/media/videos/vdcr_v1_000077.webm,33.967,https://commons.wikimedia.org/wiki/File:Taming-contact-line-instability-for-pattern-formation-ncomms12458-s2.ogv,CC BY 4.0 Commons/Nature Communications video,strict_main_candidate,video_must_show_material_or_reaction_state_evolution; source_text_may_only_double_check_not_supply_answer
vdcr_000078,pilot,biology_living_systems,biology_family_07,vdcr_concept_0169,Actin Wave,vdcr_v1_000078,release/media/videos/vdcr_v1_000078.webm,7.833,https://commons.wikimedia.org/wiki/File:An-Actin-Based-Wave-Generator-Organizes-Cell-Motility-pbio.0050221.sv013.ogv,CC BY 2.5 Commons/PLOS Biology video,strict_main_candidate,video_must_show_biological_dynamic_sequence_or_strategy_not_species_or_generic_action
vdcr_000079,pilot,earth_environmental_systems,earth_family_02,vdcr_concept_0199,Braided Channel Migration,vdcr_v1_000079,release/media/videos/vdcr_v1_000079.webm,47.967,https://commons.wikimedia.org/wiki/File:Braided_River_in_Tibet_Redraws_Its_Channels_(154747).webm,PD-USGov/NASA and USGS source,strict_main_candidate,video_must_show_process_evolution_or_instability_sequence_not_static_landform_or_event_label
vdcr_000080,pilot,physics_physical_systems,physics_family_03,vdcr_concept_0019,Faraday Waves,vdcr_v1_000080,release/media/videos/vdcr_v1_000080.webm,39.44,https://commons.wikimedia.org/wiki/File:Watching_Tibetan_bowls_sing.webm,CC BY 3.0 Commons video,core_main,video_must_show_named_dynamic_mechanism_sequence_without_title_or_source_leakage
vdcr_000081,pilot,biology_living_systems,biology_family_01,vdcr_concept_0108,C-Start Escape Response,vdcr_v1_000081,release/media/videos/vdcr_v1_000081.mp4,5.0,https://commons.wikimedia.org/wiki/File:Born-Knowing-Tentacled-Snakes-Innately-Predict-Future-Prey-Behavior-pone.0010953.s002.ogv,CC BY 3.0 Commons/PLOS ONE video,core_main,video_must_show_biological_dynamic_sequence_or_strategy_not_species_or_generic_action
vdcr_000082,pilot,chemistry_materials_change,materials_family_02,vdcr_concept_0065,Crystal Nucleation-and-Growth Dynamics,vdcr_v1_000082,release/media/videos/vdcr_v1_000082.mp4,14.0,https://commons.wikimedia.org/wiki/File:CH3NH3PbI3_crystal_growth.webm,verify_on_source_page,strict_main_candidate,video_must_show_material_or_reaction_state_evolution; source_text_may_only_double_check_not_supply_answer
vdcr_000083,pilot,earth_environmental_systems,earth_family_02,vdcr_concept_0204,Internal Wave Propagation,vdcr_v1_000083,release/media/videos/vdcr_v1_000083.webm,31.6,https://commons.wikimedia.org/wiki/File:A-swarm-of-autonomous-miniature-underwater-robot-drifters-for-exploring-submesoscale-ocean-dynamics-ncomms14189-s5.ogv,CC BY 4.0 Commons/Nature Communications supplementary movie,strict_main_candidate,video_must_show_process_evolution_or_instability_sequence_not_static_landform_or_event_label
vdcr_000084,pilot,physics_physical_systems,physics_family_04,vdcr_concept_0026,Euler's Disk Motion,vdcr_v1_000084,release/media/videos/vdcr_v1_000084.webm,98.599,https://commons.wikimedia.org/wiki/File:Euler%E2%80%99s_disk.webm,CC BY-SA 4.0 Commons own-work video,strict_main_candidate,video_must_show_named_dynamic_mechanism_sequence_without_title_or_source_leakage
vdcr_000085,pilot,chemistry_materials_change,materials_family_04,vdcr_concept_0077,Reaction-Precipitation Front Propagation,vdcr_v1_000085,release/media/videos/vdcr_v1_000085.webm,66.4,https://commons.wikimedia.org/wiki/File:Enhancing-droplet-deposition-through-in-situ-precipitation-ncomms12560-s6.ogv,Commons/Nature Communications supplementary movie; verify source page license,strict_main_candidate,video_must_show_material_or_reaction_state_evolution; source_text_may_only_double_check_not_supply_answer
vdcr_000086,pilot,biology_living_systems,biology_family_01,vdcr_concept_0109,Medusan Jet Propulsion by Bell Contraction,vdcr_v1_000086,release/media/videos/vdcr_v1_000086.webm,38.071,https://commons.wikimedia.org/wiki/File:Cannonball_jellyfish_(Stomolophus_meleagris).webm,Commons/Flickr-reviewed free-license video; verify source page license,strict_main_candidate,must_show_bell_contraction_water_expelled_or_implied_reaction_and_forward_motion_sequence
vdcr_000087,pilot,earth_environmental_systems,earth_family_08,vdcr_concept_0237,Rip Current Formation,vdcr_v1_000087,release/media/videos/vdcr_v1_000087.mp4,12.04,https://commons.wikimedia.org/wiki/File:Brandungsr%C3%BCckstrom_%28Entstehung%29.webm,Commons CC0 own-work rip-current formation video,strict_main_candidate,video_must_show_process_evolution_or_instability_sequence_not_static_landform_or_event_label
vdcr_000088,pilot,physics_physical_systems,physics_family_08,vdcr_concept_0055,Rayleigh-Benard Convection,vdcr_v1_000088,release/media/videos/vdcr_v1_000088.webm,26.967,https://commons.wikimedia.org/wiki/File:B%C3%A9nard_cells_convection.ogv,verify_on_source_page,core_main,video_must_show_named_dynamic_mechanism_sequence_without_title_or_source_leakage
vdcr_000089,pilot,chemistry_materials_change,materials_family_04,vdcr_concept_0079,Reaction-Diffusion Wave,vdcr_v1_000089,release/media/videos/vdcr_v1_000089.webm,18.2,https://commons.wikimedia.org/wiki/File:Reaction-Diffusion.gif,verify_on_source_page,strict_main_candidate,video_must_show_material_or_reaction_state_evolution; source_text_may_only_double_check_not_supply_answer
vdcr_000090,pilot,biology_living_systems,biology_family_05,vdcr_concept_0156,Neutrophil Chemotaxis,vdcr_v1_000090,release/media/videos/vdcr_v1_000090.webm,11.333,https://commons.wikimedia.org/wiki/File:A-Worldwide-Competition-to-Compare-the-Speed-and-Chemotactic-Accuracy-of-Neutrophil-Like-Cells-pone.0154491.s004.ogv,verify_on_source_page,strict_main_candidate,video_must_show_biological_dynamic_sequence_or_strategy_not_species_or_generic_action
vdcr_000091,pilot,earth_environmental_systems,earth_family_01,vdcr_concept_0190,Downburst / Microburst Outflow,vdcr_v1_000091,release/media/videos/vdcr_v1_000091.webm,29.8,https://commons.wikimedia.org/wiki/File:Downburst_Piracicaba_2025.webm,verify_on_source_page,core_main,video_must_show_process_evolution_or_instability_sequence_not_static_landform_or_event_label
vdcr_000092,pilot,physics_physical_systems,physics_family_01,vdcr_concept_0006,Saffman-Taylor Viscous Fingering,vdcr_v1_000092,release/media/videos/vdcr_v1_000092.webm,8.0,https://commons.wikimedia.org/wiki/File:Plein_de_bulles_entier_grand.gif,verify_on_source_page,strict_main_candidate,video_must_show_named_dynamic_mechanism_sequence_without_title_or_source_leakage
vdcr_000093,pilot,earth_environmental_systems,earth_family_09,vdcr_concept_0240,Gully Headcut Retreat,vdcr_v1_000093,release/media/videos/vdcr_v1_000093.webm,15.916,https://commons.wikimedia.org/wiki/File:Upward-erosion.ogv,verify_on_source_page,core_main,video_must_show_process_evolution_or_instability_sequence_not_static_landform_or_event_label
vdcr_000094,pilot,chemistry_materials_change,materials_family_06,vdcr_concept_0246,Freeze-Induced Phase Separation,vdcr_v1_000094,release/media/videos/vdcr_v1_000094.mp4,19.052,https://commons.wikimedia.org/wiki/File:Visualization-data-on-the-freezing-process-of-micrometer-scaled-aqueous-citric-acid-drops-mmc6.ogv,CC BY 4.0,strict_main_candidate,video_must_show_material_or_reaction_state_evolution; source_text_may_only_double_check_not_supply_answer
vdcr_000095,pilot,physics_physical_systems,physics_family_08,vdcr_concept_0056,Boiling Bubble Nucleation and Departure,vdcr_v1_000095,release/media/videos/vdcr_v1_000095.webm,13.867,https://commons.wikimedia.org/wiki/File:Bubble0g.ogv,PD NASA,strict_main_candidate,video_must_show_named_dynamic_mechanism_sequence_without_title_or_source_leakage
vdcr_000096,pilot,biology_living_systems,biology_family_08,vdcr_concept_0174,Early Embryonic Cleavage Sequence,vdcr_v1_000096,release/media/videos/vdcr_v1_000096.webm,11.9,https://commons.wikimedia.org/wiki/File:Highly-Asynchronous-and-Asymmetric-Cleavage-Divisions-Accompany-Early-Transcriptional-Activity-in-pone.0021741.s019.ogv,CC BY 2.5,strict_main_candidate,video_must_show_biological_dynamic_sequence_or_strategy_not_species_or_generic_action
vdcr_000097,pilot,chemistry_materials_change,materials_family_06,vdcr_concept_0085,Coalescence-Driven Coarsening,vdcr_v1_000097,release/media/videos/vdcr_v1_000097.mp4,69.72,https://commons.wikimedia.org/wiki/File:A-general-patterning-approach-by-manipulating-the-evolution-of-two-dimensional-liquid-foams-ncomms14110-s3.ogv,CC BY 4.0,strict_main_candidate,video_must_show_material_or_reaction_state_evolution; source_text_may_only_double_check_not_supply_answer
vdcr_000098,pilot,physics_physical_systems,physics_family_03,vdcr_concept_0021,Coupled Pendulum Synchronization,vdcr_v1_000098,release/media/videos/vdcr_v1_000098.mp4,70.933,https://commons.wikimedia.org/wiki/File:Wesphysdemo_-_Synchronized_Metronomes.webm,commons_license_verify_on_page,strict_main_candidate,video_must_show_named_dynamic_mechanism_sequence_without_title_or_source_leakage
vdcr_000099,pilot,biology_living_systems,biology_family_10,vdcr_concept_0186,Bacterial Swarming Motility,vdcr_v1_000099,release/media/videos/vdcr_v1_000099.webm,20.1,https://commons.wikimedia.org/wiki/File:Genome-sequence-of-the-pattern-forming-Paenibacillus-vortex-bacterium-reveals-potential-for-1471-2164-11-710-S2.ogv,CC BY 2.0 verify on page,strict_main_candidate,video_must_show_biological_dynamic_sequence_or_strategy_not_species_or_generic_action
vdcr_000100,pilot,earth_environmental_systems,earth_family_06,vdcr_concept_0226,Wind-Driven Fire-Front Propagation,vdcr_v1_000100,release/media/videos/vdcr_v1_000100.webm,19.519,https://commons.wikimedia.org/wiki/File:Explosive_Growth_of_the_Ranger_Road_Fire_(CIRA_2026-02-18_-_nolabels).webm,PD NOAA,strict_main_candidate,video_must_show_process_evolution_or_instability_sequence_not_static_landform_or_event_label
vdcr_000101,pilot,physics_physical_systems,physics_family_05,vdcr_concept_0034,Inertia-Capillarity Droplet Rebound,vdcr_v1_000101,release/media/videos/vdcr_v1_000101.webm,10.0,https://commons.wikimedia.org/wiki/File:Superhydrophobic-like-tunable-droplet-bouncing-on-slippery-liquid-interfaces-ncomms8986-s5.ogv,CC BY 4.0 / Nature Communications OA,strict_main_candidate,must_show_impact_deformation_capillary_retraction_and_liftoff_sequence
vdcr_000102,pilot,biology_living_systems,biology_family_09,vdcr_concept_0182,Pollen Tube Chemotropic Growth,vdcr_v1_000102,release/media/videos/vdcr_v1_000102.webm,6.75,https://commons.wikimedia.org/wiki/File:Distinct-short-range-ovule-signals-attract-or-repel-Arabidopsis-thaliana-pollen-tubes-in-vitro-1471-2229-6-7-S2.ogv,CC BY 2.0 / BMC Plant Biology OA,strict_main_candidate,video_must_show_biological_dynamic_sequence_or_strategy_not_species_or_generic_action
vdcr_000103,pilot,biology_living_systems,biology_family_09,vdcr_concept_0183,Root Hair Tip Growth,vdcr_v1_000103,release/media/videos/vdcr_v1_000103.webm,15.25,https://commons.wikimedia.org/wiki/File:Overlapping-and-divergent-signaling-pathways-for-ARK1-and-AGD1-in-the-control-of-root-hair-polarity-Movie1.ogv,CC BY 4.0 / PLOS Genetics OA,strict_main_candidate,video_must_show_biological_dynamic_sequence_or_strategy_not_species_or_generic_action
vdcr_000104,pilot,earth_environmental_systems,earth_family_10,vdcr_concept_0247,Seismic Wave Propagation,vdcr_v1_000104,release/media/videos/vdcr_v1_000104.webm,75.1,https://commons.wikimedia.org/wiki/File:Lp1989plan_hires.webm,USGS/public-domain source; verify on Commons page,strict_main_candidate,must_show_wavefront_or_ground_motion_propagating_outward_over_time_not_only_static_map_or_epicenter_marker
vdcr_000105,pilot,physics_physical_systems,physics_family_09,vdcr_concept_0248,Stokes Flow Kinematic Reversibility,vdcr_v1_000105,release/media/videos/vdcr_v1_000105.webm,88.055,https://commons.wikimedia.org/wiki/File:Laminar_Flow_2.webm,CC BY 3.0; UNM Physics and Astronomy attribution; verify on Commons page,strict_main_candidate,must_show_forward_laminar_deformation_or_mixing_followed_by_reverse_motion_restoring_the_pattern_not_only_static_colored_fluid
vdcr_000106,pilot,chemistry_materials_change,materials_family_03,vdcr_concept_0075,Benedict Positive Reducing-Sugar Reaction,vdcr_v1_000106,release/media/videos/vdcr_v1_000106.webm,57.56,https://commons.wikimedia.org/wiki/File:117._%D0%91%D0%B5%D0%BD%D0%B5%D0%B4%D0%B8%D0%BA%D1%82%D0%BE%D0%B2%D0%B0_%D1%80%D0%B5%D0%B0%D0%BA%D1%86%D0%B8%D1%98%D0%B0.webm,CC BY-SA 4.0 Commons Wikiexperiments chemistry video; verify before release,strict_main_candidate,must_show_reagent_heating_and_progressive_color_or_precipitate_evolution_without_text_leakage
vdcr_000107,pilot,earth_environmental_systems,earth_family_02,vdcr_concept_0197,Cutbank Erosion / Point-Bar Deposition,vdcr_v1_000107,release/media/videos/vdcr_v1_000107.webm,55.9,https://commons.wikimedia.org/wiki/File:Padma_River_Time_Series_(1988-2018).webm,NASA/Landsat natural-color time series; public-domain/source license verify on Commons before release,strict_main_candidate,must_show_channel_boundary_retreat_and_opposite_bar_or_inner_bank_accretion_over_time_not_static_meander_geometry
vdcr_000108,pilot,physics_physical_systems,physics_family_05,vdcr_concept_0033,Worthington Jet,vdcr_v1_000108,release/media/videos/vdcr_v1_000108.webm,9.0,https://commons.wikimedia.org/wiki/File:MakingASplash.webm,CC BY-SA 4.0 on Commons; attribution/share-alike audit required before release,core_main,video_must_show_named_dynamic_mechanism_sequence_without_title_or_source_leakage
vdcr_000109,pilot,biology_living_systems,biology_family_10,vdcr_concept_0187,Biofilm Colony Expansion Dynamics,vdcr_v1_000109,release/media/videos/vdcr_v1_000109.mp4,8.25,https://nigms.nih.gov/image-gallery/3446,NIGMS/NIH gallery source; source and reuse terms require final release audit,strict_main_candidate,must_show_colony_front_expansion_or_collective_growth_dynamics_over_time
vdcr_000110,pilot,chemistry_materials_change,materials_family_08,vdcr_concept_0096,Electrodeposition Dendrite Growth,vdcr_v1_000110,release/media/videos/vdcr_v1_000110.wmv,30.8,https://pmc.ncbi.nlm.nih.gov/articles/PMC9013362/,CC BY 4.0 Scientific Reports supplementary material; final release should preserve article/video attribution,strict_main_candidate,must_show_branching_metal_dendrite_or_crystal_growth_from_an_electrode_over_time_not_only_existing_crystals
vdcr_000111,pilot,earth_environmental_systems,earth_family_07,vdcr_concept_0231,Dune Slip-Face Grain Avalanche,vdcr_v1_000111,release/media/videos/vdcr_v1_000111.mp4,7.107,https://home.nps.gov/media/video/view.htm?id=899DBB31-8EC7-42BA-A719-A880E58D823B,NPS credited public-domain source; final release should preserve NPS attribution and source URL,strict_main_candidate,video_must_show_process_evolution_or_instability_sequence_not_static_landform_or_event_label
vdcr_000112,pilot,physics_physical_systems,physics_family_02,vdcr_concept_0010,Capillary Rise / Wicking,vdcr_v1_000112,release/media/videos/vdcr_v1_000112.mp4,19.0,https://www.usgs.gov/media/videos/capillary-action-and-water,USGS public domain video; final release should preserve USGS attribution and source URL,strict_main_candidate,must_show_liquid_or_wetting_front_rising_through_capillary_or_porous_path_over_time
vdcr_000113,pilot,biology_living_systems,biology_family_05,vdcr_concept_0154,Mitotic Chromosome Segregation,vdcr_v1_000113,release/media/videos/vdcr_v1_000113.mp4,76.667,https://journals.plos.org/plosone/article?id=10.1371/journal.pone.0000053,CC BY 2.5 PLOS ONE supplementary movie; final release should preserve article/video attribution,core_main,video_must_show_biological_dynamic_sequence_or_strategy_not_species_or_generic_action
vdcr_000114,pilot,physics_physical_systems,physics_family_05,vdcr_concept_0035,Droplet Spreading and Retraction,vdcr_v1_000114,release/media/videos/vdcr_v1_000114.webm,2.8,https://commons.wikimedia.org/wiki/File:Water-droplet-impact-on-elastic-superhydrophobic-surfaces-srep30328-s6.ogv,CC BY 4.0 Scientific Reports supplementary movie on Wikimedia Commons; final release should preserve article/video attribution,strict_main_candidate,video_must_show_named_dynamic_mechanism_sequence_without_title_or_source_leakage
vdcr_000115,pilot,chemistry_materials_change,materials_family_07,vdcr_concept_0094,Flame Blowoff,vdcr_v1_000115,release/media/videos/vdcr_v1_000115.webm,3.5,https://commons.wikimedia.org/wiki/File:Webp.net-gifmaker_(1).gif,CC BY-SA 4.0 Wikimedia Commons self-published GIF by Estebandgj; final release should preserve source attribution and share-alike terms,strict_main_candidate,video_must_show_material_or_reaction_state_evolution; source_text_may_only_double_check_not_supply_answer
