candidate_id,source_url,source_platform,license_or_usage_note,raw_duration_sec,suggested_start_sec,suggested_end_sec,initial_category,candidate_knowledge_point,why_dynamic,collector_notes
commons_auto_000001,https://commons.wikimedia.org/wiki/File:Radar_images_capture_new_Antarctic_mega-iceberg_ESA475391.webm,wikimedia_commons,Attribution; artist metadata present,0.0,0.0,30.0,chemistry_material_change,A solid can absorb heat and melt into a liquid.,Collected from Category:Time-lapse videos of ice; requires review for visible temporal evidence.,auto_collected; commons_title=File:Radar images capture new Antarctic mega-iceberg ESA475391.webm; category=Category:Time-lapse videos of ice; Good source for phase-change candidates.
commons_auto_000002,https://commons.wikimedia.org/wiki/File:Satellite_measurements_of_Greenland%27s_ice_cover_from_1979_to_2009_reveals_a_trend_of_increased_melting.ogv,wikimedia_commons,Public domain; Public domain; artist metadata present,33.4,0.0,30.0,chemistry_material_change,A solid can absorb heat and melt into a liquid.,Collected from Category:Time-lapse videos of ice; requires review for visible temporal evidence.,auto_collected; commons_title=File:Satellite measurements of Greenland's ice cover from 1979 to 2009 reveals a trend of increased melting.ogv; category=Category:Time-lapse videos of ice; Good source for phase-change candidates.
commons_auto_000003,https://commons.wikimedia.org/wiki/File:Seasonal_Changes_in_Arctic_Sea_Ice_-_Summer%2C_2009_(3988013764).webm,wikimedia_commons,Public domain; Public domain; artist metadata present,0.0,0.0,30.0,chemistry_material_change,A solid can absorb heat and melt into a liquid.,Collected from Category:Time-lapse videos of ice; requires review for visible temporal evidence.,"auto_collected; commons_title=File:Seasonal Changes in Arctic Sea Ice - Summer, 2009 (3988013764).webm; category=Category:Time-lapse videos of ice; Good source for phase-change candidates."
commons_auto_000004,https://commons.wikimedia.org/wiki/File:Sheets_of_Ice_on_the_Mississippi_River_(15405314334).webm,wikimedia_commons,Public domain; Public domain; artist metadata present,0.0,0.0,30.0,chemistry_material_change,A solid can absorb heat and melt into a liquid.,Collected from Category:Time-lapse videos of ice; requires review for visible temporal evidence.,auto_collected; commons_title=File:Sheets of Ice on the Mississippi River (15405314334).webm; category=Category:Time-lapse videos of ice; Good source for phase-change candidates.
commons_auto_000005,https://commons.wikimedia.org/wiki/File:Time-Lapse.ogv,wikimedia_commons,CC BY-SA 3.0; Creative Commons Attribution-Share Alike 3.0; artist metadata present,26.0,0.0,26.0,chemistry_material_change,A solid can absorb heat and melt into a liquid.,Collected from Category:Time-lapse videos of ice; requires review for visible temporal evidence.,auto_collected; commons_title=File:Time-Lapse.ogv; category=Category:Time-lapse videos of ice; Good source for phase-change candidates.
commons_auto_000006,https://commons.wikimedia.org/wiki/File:Timelapse-crystal.ogv,wikimedia_commons,CC BY 3.0 at; Creative Commons Attribution 3.0 at; artist metadata present,17.1,0.0,17.1,chemistry_material_change,A solid can absorb heat and melt into a liquid.,Collected from Category:Time-lapse videos of ice; requires review for visible temporal evidence.,auto_collected; commons_title=File:Timelapse-crystal.ogv; category=Category:Time-lapse videos of ice; Good source for phase-change candidates.
commons_auto_000007,https://commons.wikimedia.org/wiki/File:Sunflower_Flower_Opening_Time_Lapse_320x240.ogv,wikimedia_commons,GFDL 1.2; GNU Free Documentation License 1.2; artist metadata present,35.0,0.0,35.0,biology_life_processes,Plant shoots can grow toward a light source.,Collected from Category:Videos of phototropism; requires review for visible temporal evidence.,auto_collected; commons_title=File:Sunflower Flower Opening Time Lapse 320x240.ogv; category=Category:Videos of phototropism; Strong biology dynamic-process category.
commons_auto_000008,https://commons.wikimedia.org/wiki/File:Sunflower_Flower_Opening_Time_Lapse.ogv,wikimedia_commons,GFDL 1.2; GNU Free Documentation License 1.2; artist metadata present,35.0,0.0,35.0,biology_life_processes,Plant shoots can grow toward a light source.,Collected from Category:Videos of phototropism; requires review for visible temporal evidence.,auto_collected; commons_title=File:Sunflower Flower Opening Time Lapse.ogv; category=Category:Videos of phototropism; Strong biology dynamic-process category.
commons_auto_000009,https://commons.wikimedia.org/wiki/File:Iodine_clock_reaction.webm,wikimedia_commons,CC BY 3.0; Creative Commons Attribution 3.0; artist metadata present,0.0,0.0,45.0,chemistry_material_change,Some chemical reactions produce color change.,Collected from Category:Iodine clock reaction; requires review for visible temporal evidence.,auto_collected; commons_title=File:Iodine clock reaction.webm; category=Category:Iodine clock reaction; Caption/title may leak but visual process is clear.
commons_auto_000010,https://commons.wikimedia.org/wiki/File:20._%D0%92%D0%B0%D0%BB%D1%82%D0%B5%D0%BD%D1%85%D0%BE%D1%84%D0%B5%D0%BD%D0%BE%D0%B2%D0%BE_%D0%BF%D1%80%D0%B0%D0%B2%D0%B8%D0%BB%D0%BE.ogv,wikimedia_commons,CC BY-SA 4.0; Creative Commons Attribution-Share Alike 4.0; artist metadata present,50.8,0.0,50.8,physics_mechanics,A pendulum exchanges gravitational potential energy and kinetic energy.,Collected from Category:Videos of pendulums; requires review for visible temporal evidence.,auto_collected; commons_title=File:20. Валтенхофеново правило.ogv; category=Category:Videos of pendulums; Useful mechanics candidates.
commons_auto_000011,https://commons.wikimedia.org/wiki/File:Blocked-pendulum-slow-motion.webm,wikimedia_commons,CC BY-SA 4.0; Creative Commons Attribution-Share Alike 4.0; artist metadata present,0.0,0.0,60.0,physics_mechanics,A pendulum exchanges gravitational potential energy and kinetic energy.,Collected from Category:Videos of pendulums; requires review for visible temporal evidence.,auto_collected; commons_title=File:Blocked-pendulum-slow-motion.webm; category=Category:Videos of pendulums; Useful mechanics candidates.
commons_auto_000012,https://commons.wikimedia.org/wiki/File:Chaospendel_(Lernwerkstatt).webm,wikimedia_commons,CC BY-SA 4.0; Creative Commons Attribution-Share Alike 4.0; artist metadata present,0.0,0.0,60.0,physics_mechanics,A pendulum exchanges gravitational potential energy and kinetic energy.,Collected from Category:Videos of pendulums; requires review for visible temporal evidence.,auto_collected; commons_title=File:Chaospendel (Lernwerkstatt).webm; category=Category:Videos of pendulums; Useful mechanics candidates.
commons_auto_000013,https://commons.wikimedia.org/wiki/File:Double_pendulum_%26_spring1.ogv,wikimedia_commons,CC BY-SA 3.0; Creative Commons Attribution-Share Alike 3.0; artist metadata present,41.5,0.0,41.5,physics_mechanics,A pendulum exchanges gravitational potential energy and kinetic energy.,Collected from Category:Videos of pendulums; requires review for visible temporal evidence.,auto_collected; commons_title=File:Double pendulum & spring1.ogv; category=Category:Videos of pendulums; Useful mechanics candidates.
commons_auto_000014,https://commons.wikimedia.org/wiki/File:Dynamikum_Gekoppelte_Pendel.ogv,wikimedia_commons,CC BY-SA 3.0; Creative Commons Attribution-Share Alike 3.0; artist metadata present,7.8,0.0,7.8,physics_mechanics,A pendulum exchanges gravitational potential energy and kinetic energy.,Collected from Category:Videos of pendulums; requires review for visible temporal evidence.,auto_collected; commons_title=File:Dynamikum Gekoppelte Pendel.ogv; category=Category:Videos of pendulums; Useful mechanics candidates.
commons_auto_000015,https://commons.wikimedia.org/wiki/File:Fadenpendelgeschwindigkeit_(2_grad).webm,wikimedia_commons,CC BY-SA 4.0; Creative Commons Attribution-Share Alike 4.0; artist metadata present,0.0,0.0,60.0,physics_mechanics,A pendulum exchanges gravitational potential energy and kinetic energy.,Collected from Category:Videos of pendulums; requires review for visible temporal evidence.,auto_collected; commons_title=File:Fadenpendelgeschwindigkeit (2 grad).webm; category=Category:Videos of pendulums; Useful mechanics candidates.
commons_auto_000016,https://commons.wikimedia.org/wiki/File:Hoehenmessung_(Strandpromenade_Wangerooge).webm,wikimedia_commons,CC BY-SA 4.0; Creative Commons Attribution-Share Alike 4.0; artist metadata present,0.0,0.0,60.0,physics_mechanics,A pendulum exchanges gravitational potential energy and kinetic energy.,Collected from Category:Videos of pendulums; requires review for visible temporal evidence.,auto_collected; commons_title=File:Hoehenmessung (Strandpromenade Wangerooge).webm; category=Category:Videos of pendulums; Useful mechanics candidates.
commons_auto_000017,https://commons.wikimedia.org/wiki/File:Hyman_at_Toolbox_with_pendalum_2014.webm,wikimedia_commons,CC BY-SA 4.0; Creative Commons Attribution-Share Alike 4.0; artist metadata present,0.0,0.0,60.0,physics_mechanics,A pendulum exchanges gravitational potential energy and kinetic energy.,Collected from Category:Videos of pendulums; requires review for visible temporal evidence.,auto_collected; commons_title=File:Hyman at Toolbox with pendalum 2014.webm; category=Category:Videos of pendulums; Useful mechanics candidates.
commons_auto_000018,https://commons.wikimedia.org/wiki/File:MagneticPendulum_VariableFriction.ogv,wikimedia_commons,CC BY 3.0; Creative Commons Attribution 3.0; artist metadata present,6.4,0.0,6.4,physics_mechanics,A pendulum exchanges gravitational potential energy and kinetic energy.,Collected from Category:Videos of pendulums; requires review for visible temporal evidence.,auto_collected; commons_title=File:MagneticPendulum VariableFriction.ogv; category=Category:Videos of pendulums; Useful mechanics candidates.
commons_auto_000019,https://commons.wikimedia.org/wiki/File:Pendelgesetz_(mit_Rechnung).webm,wikimedia_commons,CC BY-SA 4.0; Creative Commons Attribution-Share Alike 4.0; artist metadata present,0.0,0.0,60.0,physics_mechanics,A pendulum exchanges gravitational potential energy and kinetic energy.,Collected from Category:Videos of pendulums; requires review for visible temporal evidence.,auto_collected; commons_title=File:Pendelgesetz (mit Rechnung).webm; category=Category:Videos of pendulums; Useful mechanics candidates.
commons_auto_000020,https://commons.wikimedia.org/wiki/File:Arie_Bos_Nederlands_kampioen_biljarten_driebanden-524299.ogv,wikimedia_commons,CC BY-SA 3.0 nl; Creative Commons Attribution-Share Alike 3.0 nl; artist metadata present,96.5,0.0,30.0,physics_mechanics,Collisions transfer momentum between objects.,Collected from Category:Videos of billiards; requires review for visible temporal evidence.,auto_collected; commons_title=File:Arie Bos Nederlands kampioen biljarten driebanden-524299.ogv; category=Category:Videos of billiards; Collision candidates; may need short clips.
commons_auto_000021,https://commons.wikimedia.org/wiki/File:ARIE_BOS_NEDERLANDS_KAMPIOEN_BILJARTEN_DRIEBANDEN-PGM4011513.webm,wikimedia_commons,Public domain; Public domain; artist metadata present,0.0,0.0,30.0,physics_mechanics,Collisions transfer momentum between objects.,Collected from Category:Videos of billiards; requires review for visible temporal evidence.,auto_collected; commons_title=File:ARIE BOS NEDERLANDS KAMPIOEN BILJARTEN DRIEBANDEN-PGM4011513.webm; category=Category:Videos of billiards; Collision candidates; may need short clips.
commons_auto_000022,https://commons.wikimedia.org/wiki/File:Bezoek_aan_een_dames_biljart_club-512468.ogv,wikimedia_commons,CC BY-SA 3.0 nl; Creative Commons Attribution-Share Alike 3.0 nl; artist metadata present,72.7,0.0,30.0,physics_mechanics,Collisions transfer momentum between objects.,Collected from Category:Videos of billiards; requires review for visible temporal evidence.,auto_collected; commons_title=File:Bezoek aan een dames biljart club-512468.ogv; category=Category:Videos of billiards; Collision candidates; may need short clips.
commons_auto_000023,https://commons.wikimedia.org/wiki/File:Biljartdemonstratie_door_H.J._Robijns.webm,wikimedia_commons,Public domain; Public domain; artist metadata present,0.0,0.0,30.0,physics_mechanics,Collisions transfer momentum between objects.,Collected from Category:Videos of billiards; requires review for visible temporal evidence.,auto_collected; commons_title=File:Biljartdemonstratie door H.J. Robijns.webm; category=Category:Videos of billiards; Collision candidates; may need short clips.
commons_auto_000024,https://commons.wikimedia.org/wiki/File:Biljartwedstrijd_om_het_kampioenschap_van_Europa.webm,wikimedia_commons,Public domain; Public domain; artist metadata present,0.0,0.0,30.0,physics_mechanics,Collisions transfer momentum between objects.,Collected from Category:Videos of billiards; requires review for visible temporal evidence.,auto_collected; commons_title=File:Biljartwedstrijd om het kampioenschap van Europa.webm; category=Category:Videos of billiards; Collision candidates; may need short clips.
commons_auto_000025,https://commons.wikimedia.org/wiki/File:Biljartwedstrijd.webm,wikimedia_commons,Public domain; Public domain; artist metadata present,0.0,0.0,30.0,physics_mechanics,Collisions transfer momentum between objects.,Collected from Category:Videos of billiards; requires review for visible temporal evidence.,auto_collected; commons_title=File:Biljartwedstrijd.webm; category=Category:Videos of billiards; Collision candidates; may need short clips.
commons_auto_000026,https://commons.wikimedia.org/wiki/File:BILJARTWEDSTRIJDEN_NEDERLAND-BELGIE-PGM4011863.webm,wikimedia_commons,Public domain; Public domain; artist metadata present,0.0,0.0,30.0,physics_mechanics,Collisions transfer momentum between objects.,Collected from Category:Videos of billiards; requires review for visible temporal evidence.,auto_collected; commons_title=File:BILJARTWEDSTRIJDEN NEDERLAND-BELGIE-PGM4011863.webm; category=Category:Videos of billiards; Collision candidates; may need short clips.
commons_auto_000027,https://commons.wikimedia.org/wiki/File:Citybeat_-_Guitarist_Snooker_Champ_Michael_Laucke.ogv,wikimedia_commons,CC BY-SA 4.0; Creative Commons Attribution-Share Alike 4.0; artist metadata present,172.5,0.0,30.0,physics_mechanics,Collisions transfer momentum between objects.,Collected from Category:Videos of billiards; requires review for visible temporal evidence.,auto_collected; commons_title=File:Citybeat - Guitarist Snooker Champ Michael Laucke.ogv; category=Category:Videos of billiards; Collision candidates; may need short clips.
commons_auto_000028,https://commons.wikimedia.org/wiki/File:De_2e_voetballoze_zondag_Weeknummer_61-06_-_Open_Beelden_-_49287.ogv,wikimedia_commons,CC BY-SA 3.0 nl; Creative Commons Attribution-Share Alike 3.0 nl; artist metadata present,61.5,0.0,30.0,physics_mechanics,Collisions transfer momentum between objects.,Collected from Category:Videos of billiards; requires review for visible temporal evidence.,auto_collected; commons_title=File:De 2e voetballoze zondag Weeknummer 61-06 - Open Beelden - 49287.ogv; category=Category:Videos of billiards; Collision candidates; may need short clips.
commons_auto_000029,https://commons.wikimedia.org/wiki/File:79._%D0%9E%D1%81%D1%86%D0%B8%D0%BB%D0%B0%D1%82%D0%BE%D1%80%D0%BD%D0%B8_%D1%80%D0%B5%D0%B0%D0%BA%D1%86%D0%B8%D0%B8_(%D1%85%D0%B5%D0%BC%D0%B8%D1%81%D0%BA%D0%BE_%D0%BD%D0%B8%D1%88%D0%B0%D0%BB%D0%BE).ogg,wikimedia_commons,CC BY-SA 4.0; Creative Commons Attribution-Share Alike 4.0; artist metadata present,155.6,0.0,60.0,physics_mechanics,A pendulum exchanges gravitational potential energy and kinetic energy.,Collected from Category:Videos of oscillation; requires review for visible temporal evidence.,auto_collected; commons_title=File:79. Осцилаторни реакции (хемиско нишало).ogg; category=Category:Videos of oscillation; Broader oscillation category; requires review.
commons_auto_000030,https://commons.wikimedia.org/wiki/File:Cap_1.2_-_Demonstracao_aquisicao_com_osciloscopio.ogv,wikimedia_commons,CC BY 3.0; Creative Commons Attribution 3.0; artist metadata present,71.6,0.0,60.0,physics_mechanics,A pendulum exchanges gravitational potential energy and kinetic energy.,Collected from Category:Videos of oscillation; requires review for visible temporal evidence.,auto_collected; commons_title=File:Cap 1.2 - Demonstracao aquisicao com osciloscopio.ogv; category=Category:Videos of oscillation; Broader oscillation category; requires review.
commons_auto_000031,https://commons.wikimedia.org/wiki/File:Cap_1.3_-_Demonstracao_pontos_de_aquisicao.ogv,wikimedia_commons,CC BY 3.0; Creative Commons Attribution 3.0; artist metadata present,83.1,0.0,60.0,physics_mechanics,A pendulum exchanges gravitational potential energy and kinetic energy.,Collected from Category:Videos of oscillation; requires review for visible temporal evidence.,auto_collected; commons_title=File:Cap 1.3 - Demonstracao pontos de aquisicao.ogv; category=Category:Videos of oscillation; Broader oscillation category; requires review.
commons_auto_000032,https://commons.wikimedia.org/wiki/File:Cap_1.3_-_Grafico_de_Orbita.ogv,wikimedia_commons,CC BY 3.0; Creative Commons Attribution 3.0; artist metadata present,20.4,0.0,20.4,physics_mechanics,A pendulum exchanges gravitational potential energy and kinetic energy.,Collected from Category:Videos of oscillation; requires review for visible temporal evidence.,auto_collected; commons_title=File:Cap 1.3 - Grafico de Orbita.ogv; category=Category:Videos of oscillation; Broader oscillation category; requires review.
commons_auto_000033,https://commons.wikimedia.org/wiki/File:Cap_2.1_-_Demonstracao_de_medicao_com_Trigger.ogv,wikimedia_commons,CC BY 3.0; Creative Commons Attribution 3.0; artist metadata present,44.0,0.0,44.0,physics_mechanics,A pendulum exchanges gravitational potential energy and kinetic energy.,Collected from Category:Videos of oscillation; requires review for visible temporal evidence.,auto_collected; commons_title=File:Cap 2.1 - Demonstracao de medicao com Trigger.ogv; category=Category:Videos of oscillation; Broader oscillation category; requires review.
commons_auto_000034,https://commons.wikimedia.org/wiki/File:Cap_4.2_-_Ensaio_de_desbalanceamento.ogv,wikimedia_commons,CC BY 3.0; Creative Commons Attribution 3.0; artist metadata present,82.0,0.0,60.0,physics_mechanics,A pendulum exchanges gravitational potential energy and kinetic energy.,Collected from Category:Videos of oscillation; requires review for visible temporal evidence.,auto_collected; commons_title=File:Cap 4.2 - Ensaio de desbalanceamento.ogv; category=Category:Videos of oscillation; Broader oscillation category; requires review.
commons_auto_000035,https://commons.wikimedia.org/wiki/File:Cap_4.3_-_Desalinhamento_angular_de_eixo_na_bancada_4.ogv,wikimedia_commons,CC BY 3.0; Creative Commons Attribution 3.0; artist metadata present,15.0,0.0,15.0,physics_mechanics,A pendulum exchanges gravitational potential energy and kinetic energy.,Collected from Category:Videos of oscillation; requires review for visible temporal evidence.,auto_collected; commons_title=File:Cap 4.3 - Desalinhamento angular de eixo na bancada 4.ogv; category=Category:Videos of oscillation; Broader oscillation category; requires review.
commons_auto_000036,https://commons.wikimedia.org/wiki/File:Cap_4.5_-_Componentes_soltos_bancada_4_-_1.ogv,wikimedia_commons,CC BY 3.0; Creative Commons Attribution 3.0; artist metadata present,14.0,0.0,14.0,physics_mechanics,A pendulum exchanges gravitational potential energy and kinetic energy.,Collected from Category:Videos of oscillation; requires review for visible temporal evidence.,auto_collected; commons_title=File:Cap 4.5 - Componentes soltos bancada 4 - 1.ogv; category=Category:Videos of oscillation; Broader oscillation category; requires review.
commons_auto_000037,https://commons.wikimedia.org/wiki/File:Cap_4.5_-_Componentes_soltos_bancada_4_-_2.ogv,wikimedia_commons,CC BY 3.0; Creative Commons Attribution 3.0; artist metadata present,15.0,0.0,15.0,physics_mechanics,A pendulum exchanges gravitational potential energy and kinetic energy.,Collected from Category:Videos of oscillation; requires review for visible temporal evidence.,auto_collected; commons_title=File:Cap 4.5 - Componentes soltos bancada 4 - 2.ogv; category=Category:Videos of oscillation; Broader oscillation category; requires review.
commons_auto_000038,https://commons.wikimedia.org/wiki/File:Cap_4.6_-_Frequencia_de_engrenamento.ogv,wikimedia_commons,CC BY 3.0; Creative Commons Attribution 3.0; artist metadata present,50.0,0.0,50.0,physics_mechanics,A pendulum exchanges gravitational potential energy and kinetic energy.,Collected from Category:Videos of oscillation; requires review for visible temporal evidence.,auto_collected; commons_title=File:Cap 4.6 - Frequencia de engrenamento.ogv; category=Category:Videos of oscillation; Broader oscillation category; requires review.
commons_auto_000039,https://commons.wikimedia.org/wiki/File:(ART-HOBBY)_Video_Fabrication_et_recyclage_de_vieilles_bougies_HD.webm,wikimedia_commons,CC BY 3.0; Creative Commons Attribution 3.0; artist metadata present,0.0,0.0,45.0,chemistry_material_change,Combustion requires fuel and oxygen.,Collected from Category:Videos of candles; requires review for visible temporal evidence.,auto_collected; commons_title=File:(ART-HOBBY) Video Fabrication et recyclage de vieilles bougies HD.webm; category=Category:Videos of candles; Many are not controlled experiments; filter aggressively.
commons_auto_000040,https://commons.wikimedia.org/wiki/File:027_Lighting_And_Blowing_Of_A_Candle_(Slow_Motion)_Video_By_Giles_Laurent.webm,wikimedia_commons,CC BY-SA 4.0; Creative Commons Attribution-Share Alike 4.0; artist metadata present,0.0,0.0,45.0,chemistry_material_change,Combustion requires fuel and oxygen.,Collected from Category:Videos of candles; requires review for visible temporal evidence.,auto_collected; commons_title=File:027 Lighting And Blowing Of A Candle (Slow Motion) Video By Giles Laurent.webm; category=Category:Videos of candles; Many are not controlled experiments; filter aggressively.
commons_auto_000041,https://commons.wikimedia.org/wiki/File:028_Lighting_and_blowing_of_a_candle_(normal_speed)_Video_by_Giles_Laurent.webm,wikimedia_commons,CC BY-SA 4.0; Creative Commons Attribution-Share Alike 4.0; artist metadata present,0.0,0.0,45.0,chemistry_material_change,Combustion requires fuel and oxygen.,Collected from Category:Videos of candles; requires review for visible temporal evidence.,auto_collected; commons_title=File:028 Lighting and blowing of a candle (normal speed) Video by Giles Laurent.webm; category=Category:Videos of candles; Many are not controlled experiments; filter aggressively.
commons_auto_000042,https://commons.wikimedia.org/wiki/File:Flameless_candle_1.webm,wikimedia_commons,"CC0; Creative Commons Zero, Public Domain Dedication; artist metadata present",0.0,0.0,45.0,chemistry_material_change,Combustion requires fuel and oxygen.,Collected from Category:Videos of candles; requires review for visible temporal evidence.,auto_collected; commons_title=File:Flameless candle 1.webm; category=Category:Videos of candles; Many are not controlled experiments; filter aggressively.
commons_auto_000043,https://commons.wikimedia.org/wiki/File:Flameless_candle_2.webm,wikimedia_commons,"CC0; Creative Commons Zero, Public Domain Dedication; artist metadata present",0.0,0.0,45.0,chemistry_material_change,Combustion requires fuel and oxygen.,Collected from Category:Videos of candles; requires review for visible temporal evidence.,auto_collected; commons_title=File:Flameless candle 2.webm; category=Category:Videos of candles; Many are not controlled experiments; filter aggressively.
commons_auto_000044,https://commons.wikimedia.org/wiki/File:Light_power_or_ionized_air%3F.webm,wikimedia_commons,CC BY-SA 4.0; Creative Commons Attribution-Share Alike 4.0; artist metadata present,0.0,0.0,45.0,chemistry_material_change,Combustion requires fuel and oxygen.,Collected from Category:Videos of candles; requires review for visible temporal evidence.,auto_collected; commons_title=File:Light power or ionized air?.webm; category=Category:Videos of candles; Many are not controlled experiments; filter aggressively.
commons_auto_000045,https://commons.wikimedia.org/wiki/File:Monster-with-melting-candle.webm,wikimedia_commons,Public domain; Public domain; artist metadata present,0.0,0.0,45.0,chemistry_material_change,Combustion requires fuel and oxygen.,Collected from Category:Videos of candles; requires review for visible temporal evidence.,auto_collected; commons_title=File:Monster-with-melting-candle.webm; category=Category:Videos of candles; Many are not controlled experiments; filter aggressively.
commons_auto_000046,https://commons.wikimedia.org/wiki/File:%D0%92%D0%B5%D1%80%D1%82%D1%8F%D1%89%D0%B0%D1%8F%D1%81%D1%8F_%D0%B7%D0%BC%D0%B5%D0%B9%D0%BA%D0%B0.webm,wikimedia_commons,CC BY 4.0; Creative Commons Attribution 4.0; artist metadata present,0.0,0.0,45.0,chemistry_material_change,Combustion requires fuel and oxygen.,Collected from Category:Videos of candles; requires review for visible temporal evidence.,auto_collected; commons_title=File:Вертящаяся змейка.webm; category=Category:Videos of candles; Many are not controlled experiments; filter aggressively.
commons_auto_000047,https://commons.wikimedia.org/wiki/File:%D0%9F%D0%B0%D1%80%D0%B0%D1%84%D0%B8%D0%BD%D0%BE%D0%B2%D1%8B%D0%B9_%D0%BC%D0%BE%D1%82%D0%BE%D1%80.webm,wikimedia_commons,CC BY 4.0; Creative Commons Attribution 4.0; artist metadata present,0.0,0.0,45.0,chemistry_material_change,Combustion requires fuel and oxygen.,Collected from Category:Videos of candles; requires review for visible temporal evidence.,auto_collected; commons_title=File:Парафиновый мотор.webm; category=Category:Videos of candles; Many are not controlled experiments; filter aggressively.
commons_auto_000048,https://commons.wikimedia.org/wiki/File:Banneuxkapelle_20220815_153739.webm,wikimedia_commons,CC BY-SA 3.0 de; Creative Commons Attribution-Share Alike 3.0 de; artist metadata present,0.0,0.0,45.0,chemistry_material_change,Combustion requires fuel and oxygen.,Collected from Category:Videos of burning candles; requires review for visible temporal evidence.,auto_collected; commons_title=File:Banneuxkapelle 20220815 153739.webm; category=Category:Videos of burning candles; Many ordinary flame videos; filter aggressively.
commons_auto_000049,https://commons.wikimedia.org/wiki/File:Blue_candle_burning.webm,wikimedia_commons,"CC0; Creative Commons Zero, Public Domain Dedication; artist metadata present",0.0,0.0,45.0,chemistry_material_change,Combustion requires fuel and oxygen.,Collected from Category:Videos of burning candles; requires review for visible temporal evidence.,auto_collected; commons_title=File:Blue candle burning.webm; category=Category:Videos of burning candles; Many ordinary flame videos; filter aggressively.
commons_auto_000050,https://commons.wikimedia.org/wiki/File:CandleGettingBlownOut.ogv,wikimedia_commons,CC BY-SA 3.0; Creative Commons Attribution-Share Alike 3.0; artist metadata present,17.5,0.0,17.5,chemistry_material_change,Combustion requires fuel and oxygen.,Collected from Category:Videos of burning candles; requires review for visible temporal evidence.,auto_collected; commons_title=File:CandleGettingBlownOut.ogv; category=Category:Videos of burning candles; Many ordinary flame videos; filter aggressively.
commons_auto_000051,https://commons.wikimedia.org/wiki/File:Candles%2Bcamera_dolly.ogv,wikimedia_commons,Public domain; Public domain; artist metadata present,70.4,0.0,45.0,chemistry_material_change,Combustion requires fuel and oxygen.,Collected from Category:Videos of burning candles; requires review for visible temporal evidence.,auto_collected; commons_title=File:Candles+camera dolly.ogv; category=Category:Videos of burning candles; Many ordinary flame videos; filter aggressively.
commons_auto_000052,https://commons.wikimedia.org/wiki/File:Corona.mpg,wikimedia_commons,"CC0; Creative Commons Zero, Public Domain Dedication; artist metadata present",0.0,0.0,45.0,chemistry_material_change,Combustion requires fuel and oxygen.,Collected from Category:Videos of burning candles; requires review for visible temporal evidence.,auto_collected; commons_title=File:Corona.mpg; category=Category:Videos of burning candles; Many ordinary flame videos; filter aggressively.
commons_auto_000053,https://commons.wikimedia.org/wiki/File:Corona.ogv,wikimedia_commons,CC BY-SA 4.0; Creative Commons Attribution-Share Alike 4.0; artist metadata present,21.0,0.0,21.0,chemistry_material_change,Combustion requires fuel and oxygen.,Collected from Category:Videos of burning candles; requires review for visible temporal evidence.,auto_collected; commons_title=File:Corona.ogv; category=Category:Videos of burning candles; Many ordinary flame videos; filter aggressively.
commons_auto_000054,https://commons.wikimedia.org/wiki/File:123._%D0%90%D0%B4%D0%B0%D0%BC%D0%BA%D0%B8%D0%B5%D0%B2%D0%B8%D1%87%D0%B5%D0%B2%D0%B0_%D1%80%D0%B5%D0%B0%D0%BA%D1%86%D0%B8%D1%98%D0%B0.webm,wikimedia_commons,CC BY-SA 4.0; Creative Commons Attribution-Share Alike 4.0; artist metadata present,0.0,0.0,45.0,chemistry_material_change,Some chemical reactions produce color change.,Collected from Category:Videos of chemical reactions; requires review for visible temporal evidence.,auto_collected; commons_title=File:123. Адамкиевичева реакција.webm; category=Category:Videos of chemical reactions; Broad chemistry category.
commons_auto_000055,https://commons.wikimedia.org/wiki/File:A-MultiSite-Gateway-Toolkit-for-Rapid-Cloning-of-Vertebrate-Expression-Constructs-with-Diverse-pone.0159277.s001.ogv,wikimedia_commons,CC BY 4.0; Creative Commons Attribution 4.0; artist metadata present,6.8,0.0,6.8,chemistry_material_change,Some chemical reactions produce color change.,Collected from Category:Videos of chemical reactions; requires review for visible temporal evidence.,auto_collected; commons_title=File:A-MultiSite-Gateway-Toolkit-for-Rapid-Cloning-of-Vertebrate-Expression-Constructs-with-Diverse-pone.0159277.s001.ogv; category=Category:Videos of chemical reactions; Broad chemistry category.
commons_auto_000056,https://commons.wikimedia.org/wiki/File:A-Versatile-Optical-Clearing-Protocol-for-Deep-Tissue-Imaging-of-Fluorescent-Proteins-in-pone.0161107.s005.ogv,wikimedia_commons,CC BY 4.0; Creative Commons Attribution 4.0; artist metadata present,25.7,0.0,25.7,chemistry_material_change,Some chemical reactions produce color change.,Collected from Category:Videos of chemical reactions; requires review for visible temporal evidence.,auto_collected; commons_title=File:A-Versatile-Optical-Clearing-Protocol-for-Deep-Tissue-Imaging-of-Fluorescent-Proteins-in-pone.0161107.s005.ogv; category=Category:Videos of chemical reactions; Broad chemistry category.
commons_auto_000057,https://commons.wikimedia.org/wiki/File:Barking_Dog_Reaction.webm,wikimedia_commons,CC BY-SA 4.0; Creative Commons Attribution-Share Alike 4.0; artist metadata present,0.0,0.0,45.0,chemistry_material_change,Some chemical reactions produce color change.,Collected from Category:Videos of chemical reactions; requires review for visible temporal evidence.,auto_collected; commons_title=File:Barking Dog Reaction.webm; category=Category:Videos of chemical reactions; Broad chemistry category.
commons_auto_000058,https://commons.wikimedia.org/wiki/File:Blue_bottle_(chemical_reaction).webm,wikimedia_commons,CC BY 3.0; Creative Commons Attribution 3.0; artist metadata present,0.0,0.0,45.0,chemistry_material_change,Some chemical reactions produce color change.,Collected from Category:Videos of chemical reactions; requires review for visible temporal evidence.,auto_collected; commons_title=File:Blue bottle (chemical reaction).webm; category=Category:Videos of chemical reactions; Broad chemistry category.
commons_auto_000059,https://commons.wikimedia.org/wiki/File:Briggs%E2%80%93Rauscher_reaction.webm,wikimedia_commons,CC BY-SA 4.0; Creative Commons Attribution-Share Alike 4.0; artist metadata present,0.0,0.0,45.0,chemistry_material_change,Some chemical reactions produce color change.,Collected from Category:Videos of chemical reactions; requires review for visible temporal evidence.,auto_collected; commons_title=File:Briggs–Rauscher reaction.webm; category=Category:Videos of chemical reactions; Broad chemistry category.
commons_auto_000060,https://commons.wikimedia.org/wiki/File:Burning_Magnesium_Block%21.ogv,wikimedia_commons,CC BY 3.0; Creative Commons Attribution 3.0; artist metadata present,591.1,0.0,45.0,chemistry_material_change,Some chemical reactions produce color change.,Collected from Category:Videos of chemical reactions; requires review for visible temporal evidence.,auto_collected; commons_title=File:Burning Magnesium Block!.ogv; category=Category:Videos of chemical reactions; Broad chemistry category.
commons_auto_000061,https://commons.wikimedia.org/wiki/File:C3N2H4_anim.ogv,wikimedia_commons,CC BY-SA 4.0; Creative Commons Attribution-Share Alike 4.0; artist metadata present,12.5,0.0,12.5,chemistry_material_change,Some chemical reactions produce color change.,Collected from Category:Videos of chemical reactions; requires review for visible temporal evidence.,auto_collected; commons_title=File:C3N2H4 anim.ogv; category=Category:Videos of chemical reactions; Broad chemistry category.
commons_auto_000062,https://commons.wikimedia.org/wiki/File:Cat.ogv,wikimedia_commons,CC BY 3.0; Creative Commons Attribution 3.0; artist metadata present,13.3,0.0,13.3,chemistry_material_change,Some chemical reactions produce color change.,Collected from Category:Videos of chemical reactions; requires review for visible temporal evidence.,auto_collected; commons_title=File:Cat.ogv; category=Category:Videos of chemical reactions; Broad chemistry category.
commons_auto_000063,https://commons.wikimedia.org/wiki/File:Chemical_garden_growing.webm,wikimedia_commons,CC BY 3.0; Creative Commons Attribution 3.0; artist metadata present,0.0,0.0,45.0,chemistry_material_change,Some chemical reactions produce color change.,Collected from Category:Videos of chemical reactions; requires review for visible temporal evidence.,auto_collected; commons_title=File:Chemical garden growing.webm; category=Category:Videos of chemical reactions; Broad chemistry category.
commons_auto_000064,https://commons.wikimedia.org/wiki/File:%22%2BArya%2B%22_Kaempferia_galanga_-_kencur_2020.webm,wikimedia_commons,CC BY-SA 4.0; Creative Commons Attribution-Share Alike 4.0; artist metadata present,0.0,0.0,60.0,biology_life_processes,Seed germination involves root and shoot emergence.,Collected from Category:Videos of plants; requires review for visible temporal evidence.,"auto_collected; commons_title=File:""+Arya+"" Kaempferia galanga - kencur 2020.webm; category=Category:Videos of plants; Broad; likely noisy."
commons_auto_000065,https://commons.wikimedia.org/wiki/File:Alaskan_Wildflowers_%26_Ice.webm,wikimedia_commons,CC BY 3.0; Creative Commons Attribution 3.0; artist metadata present,0.0,0.0,60.0,biology_life_processes,Seed germination involves root and shoot emergence.,Collected from Category:Videos of plants; requires review for visible temporal evidence.,auto_collected; commons_title=File:Alaskan Wildflowers & Ice.webm; category=Category:Videos of plants; Broad; likely noisy.
commons_auto_000066,https://commons.wikimedia.org/wiki/File:An_insect_on_Drimia_maritima_flower.webm,wikimedia_commons,CC BY-SA 4.0; Creative Commons Attribution-Share Alike 4.0; artist metadata present,0.0,0.0,60.0,biology_life_processes,Seed germination involves root and shoot emergence.,Collected from Category:Videos of plants; requires review for visible temporal evidence.,auto_collected; commons_title=File:An insect on Drimia maritima flower.webm; category=Category:Videos of plants; Broad; likely noisy.
commons_auto_000067,https://commons.wikimedia.org/wiki/File:Cinnyris_osea_on_Campsis_radicans.webm,wikimedia_commons,CC BY-SA 4.0; Creative Commons Attribution-Share Alike 4.0; artist metadata present,0.0,0.0,60.0,biology_life_processes,Seed germination involves root and shoot emergence.,Collected from Category:Videos of plants; requires review for visible temporal evidence.,auto_collected; commons_title=File:Cinnyris osea on Campsis radicans.webm; category=Category:Videos of plants; Broad; likely noisy.
commons_auto_000068,https://commons.wikimedia.org/wiki/File:Crown_Jewels_Gloriosa%27s_by_Wim_Brouwer_time-lapse_Gloriosa.webm,wikimedia_commons,CC BY 3.0; Creative Commons Attribution 3.0; artist metadata present,0.0,0.0,60.0,biology_life_processes,Seed germination involves root and shoot emergence.,Collected from Category:Videos of plants; requires review for visible temporal evidence.,auto_collected; commons_title=File:Crown Jewels Gloriosa's by Wim Brouwer time-lapse Gloriosa.webm; category=Category:Videos of plants; Broad; likely noisy.
commons_auto_000069,https://commons.wikimedia.org/wiki/File:Cucumber_Climb.webm,wikimedia_commons,CC BY 3.0; Creative Commons Attribution 3.0; artist metadata present,0.0,0.0,60.0,biology_life_processes,Seed germination involves root and shoot emergence.,Collected from Category:Videos of plants; requires review for visible temporal evidence.,auto_collected; commons_title=File:Cucumber Climb.webm; category=Category:Videos of plants; Broad; likely noisy.
commons_auto_000070,https://commons.wikimedia.org/wiki/File:Electrostatic-Charge-on-Flying-Hummingbirds-and-Its-Potential-Role-in-Pollination-pone.0138003.s001.ogv,wikimedia_commons,CC BY 4.0; Creative Commons Attribution 4.0; artist metadata present,13.4,0.0,13.4,biology_life_processes,Seed germination involves root and shoot emergence.,Collected from Category:Videos of plants; requires review for visible temporal evidence.,auto_collected; commons_title=File:Electrostatic-Charge-on-Flying-Hummingbirds-and-Its-Potential-Role-in-Pollination-pone.0138003.s001.ogv; category=Category:Videos of plants; Broad; likely noisy.
commons_auto_000071,https://commons.wikimedia.org/wiki/File:Eu_esit%C3%B6_(video).ogv,wikimedia_commons,CC BY-SA 4.0; Creative Commons Attribution-Share Alike 4.0; artist metadata present,7.9,0.0,7.9,biology_life_processes,Seed germination involves root and shoot emergence.,Collected from Category:Videos of plants; requires review for visible temporal evidence.,auto_collected; commons_title=File:Eu esitö (video).ogv; category=Category:Videos of plants; Broad; likely noisy.
commons_auto_000072,https://commons.wikimedia.org/wiki/File:Fireweed_seed_pod_bursting_open_in_Tuntorp.webm,wikimedia_commons,CC BY-SA 4.0; Creative Commons Attribution-Share Alike 4.0; artist metadata present,0.0,0.0,60.0,biology_life_processes,Seed germination involves root and shoot emergence.,Collected from Category:Videos of plants; requires review for visible temporal evidence.,auto_collected; commons_title=File:Fireweed seed pod bursting open in Tuntorp.webm; category=Category:Videos of plants; Broad; likely noisy.
commons_auto_000073,https://commons.wikimedia.org/wiki/File:Fleur_de_cerise.webm,wikimedia_commons,CC BY-SA 4.0; Creative Commons Attribution-Share Alike 4.0; artist metadata present,0.0,0.0,60.0,biology_life_processes,Seed germination involves root and shoot emergence.,Collected from Category:Videos of plants; requires review for visible temporal evidence.,auto_collected; commons_title=File:Fleur de cerise.webm; category=Category:Videos of plants; Broad; likely noisy.
commons_auto_000074,https://commons.wikimedia.org/wiki/File:365_days_tree.ogv,wikimedia_commons,CC BY-SA 3.0; Creative Commons Attribution-Share Alike 3.0; artist metadata present,18.2,0.0,18.2,biology_life_processes,Seed germination involves root and shoot emergence.,Collected from Category:Time-lapse videos of plants; requires review for visible temporal evidence.,auto_collected; commons_title=File:365 days tree.ogv; category=Category:Time-lapse videos of plants; Good time-lapse biology candidates.
commons_auto_000075,https://commons.wikimedia.org/wiki/File:4%27o_clock_plant_or_mirabilis_jalapa_flower_blossoming_time_lapse.webm,wikimedia_commons,CC BY-SA 4.0; Creative Commons Attribution-Share Alike 4.0; artist metadata present,0.0,0.0,60.0,biology_life_processes,Seed germination involves root and shoot emergence.,Collected from Category:Time-lapse videos of plants; requires review for visible temporal evidence.,auto_collected; commons_title=File:4'o clock plant or mirabilis jalapa flower blossoming time lapse.webm; category=Category:Time-lapse videos of plants; Good time-lapse biology candidates.
commons_auto_000076,https://commons.wikimedia.org/wiki/File:Africa_Vegetation_Mosaic_Time-lapse_2019.webm,wikimedia_commons,CC BY 2.0; Creative Commons Attribution 2.0; artist metadata present,0.0,0.0,60.0,biology_life_processes,Seed germination involves root and shoot emergence.,Collected from Category:Time-lapse videos of plants; requires review for visible temporal evidence.,auto_collected; commons_title=File:Africa Vegetation Mosaic Time-lapse 2019.webm; category=Category:Time-lapse videos of plants; Good time-lapse biology candidates.
commons_auto_000077,https://commons.wikimedia.org/wiki/File:Apex_reorientation_in_Pinus_pinaster_during_the_first_24h_after_plant_inclination_-_1471-2229-10-217-S1.ogv,wikimedia_commons,CC BY 2.0; Creative Commons Attribution 2.0; artist metadata present,24.0,0.0,24.0,biology_life_processes,Seed germination involves root and shoot emergence.,Collected from Category:Time-lapse videos of plants; requires review for visible temporal evidence.,auto_collected; commons_title=File:Apex reorientation in Pinus pinaster during the first 24h after plant inclination - 1471-2229-10-217-S1.ogv; category=Category:Time-lapse videos of plants; Good time-lapse biology candidates.
commons_auto_000078,https://commons.wikimedia.org/wiki/File:Arabidopsis_thaliana_plants_growing_in_a_Growth_chamber.webm,wikimedia_commons,CC BY 3.0; Creative Commons Attribution 3.0; artist metadata present,0.0,0.0,60.0,biology_life_processes,Seed germination involves root and shoot emergence.,Collected from Category:Time-lapse videos of plants; requires review for visible temporal evidence.,auto_collected; commons_title=File:Arabidopsis thaliana plants growing in a Growth chamber.webm; category=Category:Time-lapse videos of plants; Good time-lapse biology candidates.
commons_auto_000079,https://commons.wikimedia.org/wiki/File:Aristolochia_gigantea_flower_size_28x22cm_1_second_corresponds_to_10_minutes.webm,wikimedia_commons,CC BY-SA 4.0; Creative Commons Attribution-Share Alike 4.0; artist metadata present,0.0,0.0,60.0,biology_life_processes,Seed germination involves root and shoot emergence.,Collected from Category:Time-lapse videos of plants; requires review for visible temporal evidence.,auto_collected; commons_title=File:Aristolochia gigantea flower size 28x22cm 1 second corresponds to 10 minutes.webm; category=Category:Time-lapse videos of plants; Good time-lapse biology candidates.
commons_auto_000080,https://commons.wikimedia.org/wiki/File:Black_Bamboo_New_Culms_Timelapse.webm,wikimedia_commons,CC BY 3.0; Creative Commons Attribution 3.0; artist metadata present,0.0,0.0,60.0,biology_life_processes,Seed germination involves root and shoot emergence.,Collected from Category:Time-lapse videos of plants; requires review for visible temporal evidence.,auto_collected; commons_title=File:Black Bamboo New Culms Timelapse.webm; category=Category:Time-lapse videos of plants; Good time-lapse biology candidates.
commons_auto_000081,https://commons.wikimedia.org/wiki/File:Browning_Fuji_apple_-_32_minutes_in_16_seconds.webm,wikimedia_commons,CC BY-SA 4.0; Creative Commons Attribution-Share Alike 4.0; artist metadata present,0.0,0.0,60.0,biology_life_processes,Seed germination involves root and shoot emergence.,Collected from Category:Time-lapse videos of plants; requires review for visible temporal evidence.,auto_collected; commons_title=File:Browning Fuji apple - 32 minutes in 16 seconds.webm; category=Category:Time-lapse videos of plants; Good time-lapse biology candidates.
commons_auto_000082,https://commons.wikimedia.org/wiki/File:Carnivorous_Plant_Time_Lapse_(Drosera_Capensis)_%22eating%22_a_Fruit_Fly.ogv,wikimedia_commons,CC BY-SA 2.0; Creative Commons Attribution-Share Alike 2.0; artist metadata present,16.6,0.0,16.6,biology_life_processes,Seed germination involves root and shoot emergence.,Collected from Category:Time-lapse videos of plants; requires review for visible temporal evidence.,"auto_collected; commons_title=File:Carnivorous Plant Time Lapse (Drosera Capensis) ""eating"" a Fruit Fly.ogv; category=Category:Time-lapse videos of plants; Good time-lapse biology candidates."
commons_auto_000083,https://commons.wikimedia.org/wiki/File:Carnivorous_Plant_Time_Lapse-_Cape_Sundew_(Drosera_Capensis)_%22eating%22_a_Fruit_Fly.webm,wikimedia_commons,CC BY 2.0; Creative Commons Attribution 2.0; artist metadata present,0.0,0.0,60.0,biology_life_processes,Seed germination involves root and shoot emergence.,Collected from Category:Time-lapse videos of plants; requires review for visible temporal evidence.,"auto_collected; commons_title=File:Carnivorous Plant Time Lapse- Cape Sundew (Drosera Capensis) ""eating"" a Fruit Fly.webm; category=Category:Time-lapse videos of plants; Good time-lapse biology candidates."
commons_auto_000084,https://commons.wikimedia.org/wiki/File:10._%D0%9E%D0%BA%D1%81%D0%B8%D0%B4%D0%B0%D1%86%D0%B8%D1%98%D0%B0_%D0%BD%D0%B0_%D1%98%D0%B0%D0%B3%D0%BB%D0%B5%D0%BD%D1%87%D0%B5_%D0%B2%D0%BE_%D1%81%D1%82%D0%BE%D0%BF%D0%B5%D0%BD_%D0%BA%D0%B0%D0%BB%D0%B8%D1%83%D0%BC_%D0%BD%D0%B8%D1%82%D1%80%D0%B0%D1%82.webm,wikimedia_commons,CC BY-SA 4.0; Creative Commons Attribution-Share Alike 4.0; artist metadata present,0.0,0.0,45.0,everyday_causal_mechanisms,Warm air rises and can drive convection.,Collected from Category:Videos of fire; requires review for visible temporal evidence.,auto_collected; commons_title=File:10. Оксидација на јагленче во стопен калиум нитрат.webm; category=Category:Videos of fire; Broad and noisy; check dynamic mechanism.
commons_auto_000085,https://commons.wikimedia.org/wiki/File:2012_and_the_Future_of_Fire.webm,wikimedia_commons,Public domain; Public domain; artist metadata present,0.0,0.0,45.0,everyday_causal_mechanisms,Warm air rises and can drive convection.,Collected from Category:Videos of fire; requires review for visible temporal evidence.,auto_collected; commons_title=File:2012 and the Future of Fire.webm; category=Category:Videos of fire; Broad and noisy; check dynamic mechanism.
commons_auto_000086,https://commons.wikimedia.org/wiki/File:2019-11-16_gj-Andelnans.webm,wikimedia_commons,CC BY 4.0; Creative Commons Attribution 4.0; artist metadata present,0.0,0.0,45.0,everyday_causal_mechanisms,Warm air rises and can drive convection.,Collected from Category:Videos of fire; requires review for visible temporal evidence.,auto_collected; commons_title=File:2019-11-16 gj-Andelnans.webm; category=Category:Videos of fire; Broad and noisy; check dynamic mechanism.
commons_auto_000087,https://commons.wikimedia.org/wiki/File:2022-10-01_LJUBLJANA_Ljubljanske_%C5%BDale_ogenj_2.webm,wikimedia_commons,CC BY 3.0; Creative Commons Attribution 3.0; artist metadata present,0.0,0.0,45.0,everyday_causal_mechanisms,Warm air rises and can drive convection.,Collected from Category:Videos of fire; requires review for visible temporal evidence.,auto_collected; commons_title=File:2022-10-01 LJUBLJANA Ljubljanske Žale ogenj 2.webm; category=Category:Videos of fire; Broad and noisy; check dynamic mechanism.
commons_auto_000088,https://commons.wikimedia.org/wiki/File:2022-10-01_LJUBLJANA_Ljubljanske_%C5%BDale_ogenj.webm,wikimedia_commons,CC BY 3.0; Creative Commons Attribution 3.0; artist metadata present,0.0,0.0,45.0,everyday_causal_mechanisms,Warm air rises and can drive convection.,Collected from Category:Videos of fire; requires review for visible temporal evidence.,auto_collected; commons_title=File:2022-10-01 LJUBLJANA Ljubljanske Žale ogenj.webm; category=Category:Videos of fire; Broad and noisy; check dynamic mechanism.
commons_auto_000089,https://commons.wikimedia.org/wiki/File:5._mariborska_vstaja.ogv,wikimedia_commons,CC BY 3.0; Creative Commons Attribution 3.0; artist metadata present,176.1,0.0,45.0,everyday_causal_mechanisms,Warm air rises and can drive convection.,Collected from Category:Videos of fire; requires review for visible temporal evidence.,auto_collected; commons_title=File:5. mariborska vstaja.ogv; category=Category:Videos of fire; Broad and noisy; check dynamic mechanism.
commons_auto_000090,https://commons.wikimedia.org/wiki/File:A_room_in_a_temple_to_depict_Hinduism.webm,wikimedia_commons,CC BY-SA 4.0; Creative Commons Attribution-Share Alike 4.0; artist metadata present,0.0,0.0,45.0,everyday_causal_mechanisms,Warm air rises and can drive convection.,Collected from Category:Videos of fire; requires review for visible temporal evidence.,auto_collected; commons_title=File:A room in a temple to depict Hinduism.webm; category=Category:Videos of fire; Broad and noisy; check dynamic mechanism.
commons_auto_000091,https://commons.wikimedia.org/wiki/File:A_video_about_hazardous_trees_on_roads_due_to_wildfires.ogv,wikimedia_commons,Public domain; Public domain; artist metadata present,99.5,0.0,45.0,everyday_causal_mechanisms,Warm air rises and can drive convection.,Collected from Category:Videos of fire; requires review for visible temporal evidence.,auto_collected; commons_title=File:A video about hazardous trees on roads due to wildfires.ogv; category=Category:Videos of fire; Broad and noisy; check dynamic mechanism.
commons_auto_000092,https://commons.wikimedia.org/wiki/File:54._%D0%9C%D0%B0%D0%B3%D0%BD%D0%B5%D1%82%D0%BD%D0%BE_%D0%BF%D0%BE%D0%BB%D0%B5_%D0%BD%D0%B0_%D0%BF%D1%80%D0%B0%D0%B2_%D1%81%D0%BF%D1%80%D0%BE%D0%B2%D0%BE%D0%B4%D0%BD%D0%B8%D0%BA.ogg,wikimedia_commons,CC BY-SA 4.0; Creative Commons Attribution-Share Alike 4.0; artist metadata present,34.0,0.0,34.0,everyday_causal_mechanisms,Magnetic fields can align or attract ferromagnetic materials.,Collected from Category:Videos of magnetic fields; requires review for visible temporal evidence.,auto_collected; commons_title=File:54. Магнетно поле на прав спроводник.ogg; category=Category:Videos of magnetic fields; May not exist; use if found.
commons_auto_000093,https://commons.wikimedia.org/wiki/File:A-Possible-Role-for-Integrin-Signaling-in-Diffuse-Axonal-Injury-pone.0022899.s011.ogv,wikimedia_commons,CC BY 2.5; Creative Commons Attribution 2.5; artist metadata present,3.4,0.0,3.4,everyday_causal_mechanisms,Magnetic fields can align or attract ferromagnetic materials.,Collected from Category:Videos of magnetic fields; requires review for visible temporal evidence.,auto_collected; commons_title=File:A-Possible-Role-for-Integrin-Signaling-in-Diffuse-Axonal-Injury-pone.0022899.s011.ogv; category=Category:Videos of magnetic fields; May not exist; use if found.
commons_auto_000094,https://commons.wikimedia.org/wiki/File:A-Possible-Role-for-Integrin-Signaling-in-Diffuse-Axonal-Injury-pone.0022899.s012.ogv,wikimedia_commons,CC BY 2.5; Creative Commons Attribution 2.5; artist metadata present,3.0,0.0,3.0,everyday_causal_mechanisms,Magnetic fields can align or attract ferromagnetic materials.,Collected from Category:Videos of magnetic fields; requires review for visible temporal evidence.,auto_collected; commons_title=File:A-Possible-Role-for-Integrin-Signaling-in-Diffuse-Axonal-Injury-pone.0022899.s012.ogv; category=Category:Videos of magnetic fields; May not exist; use if found.
commons_auto_000095,https://commons.wikimedia.org/wiki/File:Magnetotactic-molecular-architectures-from-self-assembly-of-%CE%B2-peptide-foldamers-ncomms9747-s2.ogv,wikimedia_commons,CC BY 4.0; Creative Commons Attribution 4.0; artist metadata present,14.6,0.0,14.6,everyday_causal_mechanisms,Magnetic fields can align or attract ferromagnetic materials.,Collected from Category:Videos of magnetic fields; requires review for visible temporal evidence.,auto_collected; commons_title=File:Magnetotactic-molecular-architectures-from-self-assembly-of-β-peptide-foldamers-ncomms9747-s2.ogv; category=Category:Videos of magnetic fields; May not exist; use if found.
commons_auto_000096,https://commons.wikimedia.org/wiki/File:Magnetotactic-molecular-architectures-from-self-assembly-of-%CE%B2-peptide-foldamers-ncomms9747-s3.ogv,wikimedia_commons,CC BY 4.0; Creative Commons Attribution 4.0; artist metadata present,18.5,0.0,18.5,everyday_causal_mechanisms,Magnetic fields can align or attract ferromagnetic materials.,Collected from Category:Videos of magnetic fields; requires review for visible temporal evidence.,auto_collected; commons_title=File:Magnetotactic-molecular-architectures-from-self-assembly-of-β-peptide-foldamers-ncomms9747-s3.ogv; category=Category:Videos of magnetic fields; May not exist; use if found.
commons_auto_000097,https://commons.wikimedia.org/wiki/File:Magnetotactic-molecular-architectures-from-self-assembly-of-%CE%B2-peptide-foldamers-ncomms9747-s4.ogv,wikimedia_commons,CC BY 4.0; Creative Commons Attribution 4.0; artist metadata present,30.0,0.0,30.0,everyday_causal_mechanisms,Magnetic fields can align or attract ferromagnetic materials.,Collected from Category:Videos of magnetic fields; requires review for visible temporal evidence.,auto_collected; commons_title=File:Magnetotactic-molecular-architectures-from-self-assembly-of-β-peptide-foldamers-ncomms9747-s4.ogv; category=Category:Videos of magnetic fields; May not exist; use if found.
commons_auto_000098,https://commons.wikimedia.org/wiki/File:Microgravity-simulation-by-diamagnetic-levitation-effects-of-a-strong-gradient-magnetic-field-on-1471-2164-13-52-S2.ogv,wikimedia_commons,CC BY 2.0; Creative Commons Attribution 2.0; artist metadata present,599.7,0.0,45.0,everyday_causal_mechanisms,Magnetic fields can align or attract ferromagnetic materials.,Collected from Category:Videos of magnetic fields; requires review for visible temporal evidence.,auto_collected; commons_title=File:Microgravity-simulation-by-diamagnetic-levitation-effects-of-a-strong-gradient-magnetic-field-on-1471-2164-13-52-S2.ogv; category=Category:Videos of magnetic fields; May not exist; use if found.
commons_auto_000099,https://commons.wikimedia.org/wiki/File:Nanoparticle-Induced-Cell-Magneto-Rotation-Monitoring-Morphology-Stress-and-Drug-Sensitivity-of-a-pone.0028475.s007.ogv,wikimedia_commons,CC BY 2.5; Creative Commons Attribution 2.5; artist metadata present,13.3,0.0,13.3,everyday_causal_mechanisms,Magnetic fields can align or attract ferromagnetic materials.,Collected from Category:Videos of magnetic fields; requires review for visible temporal evidence.,auto_collected; commons_title=File:Nanoparticle-Induced-Cell-Magneto-Rotation-Monitoring-Morphology-Stress-and-Drug-Sensitivity-of-a-pone.0028475.s007.ogv; category=Category:Videos of magnetic fields; May not exist; use if found.
commons_auto_000100,https://commons.wikimedia.org/wiki/File:Nanoparticle-Induced-Cell-Magneto-Rotation-Monitoring-Morphology-Stress-and-Drug-Sensitivity-of-a-pone.0028475.s008.ogv,wikimedia_commons,CC BY 2.5; Creative Commons Attribution 2.5; artist metadata present,25.9,0.0,25.9,everyday_causal_mechanisms,Magnetic fields can align or attract ferromagnetic materials.,Collected from Category:Videos of magnetic fields; requires review for visible temporal evidence.,auto_collected; commons_title=File:Nanoparticle-Induced-Cell-Magneto-Rotation-Monitoring-Morphology-Stress-and-Drug-Sensitivity-of-a-pone.0028475.s008.ogv; category=Category:Videos of magnetic fields; May not exist; use if found.
commons_auto_000101,https://commons.wikimedia.org/wiki/File:Nanoparticle-Induced-Cell-Magneto-Rotation-Monitoring-Morphology-Stress-and-Drug-Sensitivity-of-a-pone.0028475.s009.ogv,wikimedia_commons,CC BY 2.5; Creative Commons Attribution 2.5; artist metadata present,120.0,0.0,45.0,everyday_causal_mechanisms,Magnetic fields can align or attract ferromagnetic materials.,Collected from Category:Videos of magnetic fields; requires review for visible temporal evidence.,auto_collected; commons_title=File:Nanoparticle-Induced-Cell-Magneto-Rotation-Monitoring-Morphology-Stress-and-Drug-Sensitivity-of-a-pone.0028475.s009.ogv; category=Category:Videos of magnetic fields; May not exist; use if found.
commons_auto_000102,https://commons.wikimedia.org/wiki/File:Animation1.ogv,wikimedia_commons,Public domain; Public domain; artist metadata present,1.7,0.0,1.7,everyday_causal_mechanisms,Vibration can transfer energy through a medium.,Collected from Category:Videos of vibrations and waves; requires review for visible temporal evidence.,auto_collected; commons_title=File:Animation1.ogv; category=Category:Videos of vibrations and waves; Broad physics/everyday mechanism candidates.
commons_auto_000103,https://commons.wikimedia.org/wiki/File:Animation2.ogv,wikimedia_commons,Public domain; Public domain; artist metadata present,1.7,0.0,1.7,everyday_causal_mechanisms,Vibration can transfer energy through a medium.,Collected from Category:Videos of vibrations and waves; requires review for visible temporal evidence.,auto_collected; commons_title=File:Animation2.ogv; category=Category:Videos of vibrations and waves; Broad physics/everyday mechanism candidates.
commons_auto_000104,https://commons.wikimedia.org/wiki/File:Animation3.ogv,wikimedia_commons,Public domain; Public domain; artist metadata present,1.7,0.0,1.7,everyday_causal_mechanisms,Vibration can transfer energy through a medium.,Collected from Category:Videos of vibrations and waves; requires review for visible temporal evidence.,auto_collected; commons_title=File:Animation3.ogv; category=Category:Videos of vibrations and waves; Broad physics/everyday mechanism candidates.
commons_auto_000105,https://commons.wikimedia.org/wiki/File:Elastic-spheres-can-walk-on-water-ncomms10551-s3.ogv,wikimedia_commons,CC BY 4.0; Creative Commons Attribution 4.0; artist metadata present,7.8,0.0,7.8,everyday_causal_mechanisms,Vibration can transfer energy through a medium.,Collected from Category:Videos of vibrations and waves; requires review for visible temporal evidence.,auto_collected; commons_title=File:Elastic-spheres-can-walk-on-water-ncomms10551-s3.ogv; category=Category:Videos of vibrations and waves; Broad physics/everyday mechanism candidates.
commons_auto_000106,https://commons.wikimedia.org/wiki/File:Ellipse_Reflection.ogv,wikimedia_commons,CC BY-SA 4.0; Creative Commons Attribution-Share Alike 4.0; artist metadata present,12.0,0.0,12.0,everyday_causal_mechanisms,Vibration can transfer energy through a medium.,Collected from Category:Videos of vibrations and waves; requires review for visible temporal evidence.,auto_collected; commons_title=File:Ellipse Reflection.ogv; category=Category:Videos of vibrations and waves; Broad physics/everyday mechanism candidates.
commons_auto_000107,https://commons.wikimedia.org/wiki/File:Global-Neuromagnetic-Cortical-Fields-Have-Non-Zero-Velocity-pone.0148413.s003.ogv,wikimedia_commons,CC BY 4.0; Creative Commons Attribution 4.0; artist metadata present,9.4,0.0,9.4,everyday_causal_mechanisms,Vibration can transfer energy through a medium.,Collected from Category:Videos of vibrations and waves; requires review for visible temporal evidence.,auto_collected; commons_title=File:Global-Neuromagnetic-Cortical-Fields-Have-Non-Zero-Velocity-pone.0148413.s003.ogv; category=Category:Videos of vibrations and waves; Broad physics/everyday mechanism candidates.
commons_auto_000108,https://commons.wikimedia.org/wiki/File:Global-Neuromagnetic-Cortical-Fields-Have-Non-Zero-Velocity-pone.0148413.s004.ogv,wikimedia_commons,CC BY 4.0; Creative Commons Attribution 4.0; artist metadata present,34.6,0.0,34.6,everyday_causal_mechanisms,Vibration can transfer energy through a medium.,Collected from Category:Videos of vibrations and waves; requires review for visible temporal evidence.,auto_collected; commons_title=File:Global-Neuromagnetic-Cortical-Fields-Have-Non-Zero-Velocity-pone.0148413.s004.ogv; category=Category:Videos of vibrations and waves; Broad physics/everyday mechanism candidates.
commons_auto_000109,https://commons.wikimedia.org/wiki/File:Global-Neuromagnetic-Cortical-Fields-Have-Non-Zero-Velocity-pone.0148413.s005.ogv,wikimedia_commons,CC BY 4.0; Creative Commons Attribution 4.0; artist metadata present,33.5,0.0,33.5,everyday_causal_mechanisms,Vibration can transfer energy through a medium.,Collected from Category:Videos of vibrations and waves; requires review for visible temporal evidence.,auto_collected; commons_title=File:Global-Neuromagnetic-Cortical-Fields-Have-Non-Zero-Velocity-pone.0148413.s005.ogv; category=Category:Videos of vibrations and waves; Broad physics/everyday mechanism candidates.
commons_auto_000110,https://commons.wikimedia.org/wiki/File:Hair-cell-force-generation-does-not-amplify-or-tune-vibrations-within-the-chicken-basilar-papilla-ncomms13133-s2.ogv,wikimedia_commons,CC BY 4.0; Creative Commons Attribution 4.0; artist metadata present,25.0,0.0,25.0,everyday_causal_mechanisms,Vibration can transfer energy through a medium.,Collected from Category:Videos of vibrations and waves; requires review for visible temporal evidence.,auto_collected; commons_title=File:Hair-cell-force-generation-does-not-amplify-or-tune-vibrations-within-the-chicken-basilar-papilla-ncomms13133-s2.ogv; category=Category:Videos of vibrations and waves; Broad physics/everyday mechanism candidates.
commons_auto_000111,https://commons.wikimedia.org/wiki/File:Hair-cell-force-generation-does-not-amplify-or-tune-vibrations-within-the-chicken-basilar-papilla-ncomms13133-s3.ogv,wikimedia_commons,CC BY 4.0; Creative Commons Attribution 4.0; artist metadata present,25.0,0.0,25.0,everyday_causal_mechanisms,Vibration can transfer energy through a medium.,Collected from Category:Videos of vibrations and waves; requires review for visible temporal evidence.,auto_collected; commons_title=File:Hair-cell-force-generation-does-not-amplify-or-tune-vibrations-within-the-chicken-basilar-papilla-ncomms13133-s3.ogv; category=Category:Videos of vibrations and waves; Broad physics/everyday mechanism candidates.
