search_term,initial_category,candidate_knowledge_point,default_start_sec,default_end_sec,why_dynamic,notes
falling object slow motion physics demo,physics_mechanics,Unsupported objects accelerate downward under gravity.,0,60,The video should visibly show the temporal process for: Unsupported objects accelerate downward under gravity.,taxonomy_expanded_v0_6; requires visual review for dynamic evidence and title leakage.
object dropped from height gravity demonstration,physics_mechanics,Unsupported objects accelerate downward under gravity.,0,60,The video should visibly show the temporal process for: Unsupported objects accelerate downward under gravity.,taxonomy_expanded_v0_6; requires visual review for dynamic evidence and title leakage.
apple falling gravity video,physics_mechanics,Unsupported objects accelerate downward under gravity.,0,60,The video should visibly show the temporal process for: Unsupported objects accelerate downward under gravity.,taxonomy_expanded_v0_6; requires visual review for dynamic evidence and title leakage.
friction slows sliding block demonstration,physics_mechanics,Objects sliding on rough surfaces slow down due to friction.,0,60,The video should visibly show the temporal process for: Objects sliding on rough surfaces slow down due to friction.,taxonomy_expanded_v0_6; requires visual review for dynamic evidence and title leakage.
block sliding on rough surface friction video,physics_mechanics,Objects sliding on rough surfaces slow down due to friction.,0,60,The video should visibly show the temporal process for: Objects sliding on rough surfaces slow down due to friction.,taxonomy_expanded_v0_6; requires visual review for dynamic evidence and title leakage.
friction experiment sliding object,physics_mechanics,Objects sliding on rough surfaces slow down due to friction.,0,60,The video should visibly show the temporal process for: Objects sliding on rough surfaces slow down due to friction.,taxonomy_expanded_v0_6; requires visual review for dynamic evidence and title leakage.
cart collision momentum transfer demo,physics_mechanics,Collisions transfer momentum between objects.,0,60,The video should visibly show the temporal process for: Collisions transfer momentum between objects.,taxonomy_expanded_v0_6; requires visual review for dynamic evidence and title leakage.
billiard balls momentum transfer video,physics_mechanics,Collisions transfer momentum between objects.,0,60,The video should visibly show the temporal process for: Collisions transfer momentum between objects.,taxonomy_expanded_v0_6; requires visual review for dynamic evidence and title leakage.
collision physics demonstration carts,physics_mechanics,Collisions transfer momentum between objects.,0,60,The video should visibly show the temporal process for: Collisions transfer momentum between objects.,taxonomy_expanded_v0_6; requires visual review for dynamic evidence and title leakage.
inelastic collision carts stick together demo,physics_mechanics,Non-elastic collisions dissipate kinetic energy.,0,60,The video should visibly show the temporal process for: Non-elastic collisions dissipate kinetic energy.,taxonomy_expanded_v0_6; requires visual review for dynamic evidence and title leakage.
clay ball collision inelastic video,physics_mechanics,Non-elastic collisions dissipate kinetic energy.,0,60,The video should visibly show the temporal process for: Non-elastic collisions dissipate kinetic energy.,taxonomy_expanded_v0_6; requires visual review for dynamic evidence and title leakage.
inelastic collision physics demonstration,physics_mechanics,Non-elastic collisions dissipate kinetic energy.,0,60,The video should visibly show the temporal process for: Non-elastic collisions dissipate kinetic energy.,taxonomy_expanded_v0_6; requires visual review for dynamic evidence and title leakage.
pendulum energy transfer demonstration video,physics_mechanics,A pendulum exchanges gravitational potential energy and kinetic energy.,0,60,The video should visibly show the temporal process for: A pendulum exchanges gravitational potential energy and kinetic energy.,taxonomy_expanded_v0_6; requires visual review for dynamic evidence and title leakage.
pendulum swing potential kinetic energy,physics_mechanics,A pendulum exchanges gravitational potential energy and kinetic energy.,0,60,The video should visibly show the temporal process for: A pendulum exchanges gravitational potential energy and kinetic energy.,taxonomy_expanded_v0_6; requires visual review for dynamic evidence and title leakage.
simple pendulum physics demo,physics_mechanics,A pendulum exchanges gravitational potential energy and kinetic energy.,0,60,The video should visibly show the temporal process for: A pendulum exchanges gravitational potential energy and kinetic energy.,taxonomy_expanded_v0_6; requires visual review for dynamic evidence and title leakage.
floating sinking density buoyancy demo video,physics_mechanics,Buoyancy depends on displaced fluid and object density.,0,60,The video should visibly show the temporal process for: Buoyancy depends on displaced fluid and object density.,taxonomy_expanded_v0_6; requires visual review for dynamic evidence and title leakage.
buoyancy experiment object sinks floats,physics_mechanics,Buoyancy depends on displaced fluid and object density.,0,60,The video should visibly show the temporal process for: Buoyancy depends on displaced fluid and object density.,taxonomy_expanded_v0_6; requires visual review for dynamic evidence and title leakage.
density buoyancy demonstration,physics_mechanics,Buoyancy depends on displaced fluid and object density.,0,60,The video should visibly show the temporal process for: Buoyancy depends on displaced fluid and object density.,taxonomy_expanded_v0_6; requires visual review for dynamic evidence and title leakage.
air resistance falling paper coin demo,physics_mechanics,Air resistance slows moving objects.,0,60,The video should visibly show the temporal process for: Air resistance slows moving objects.,taxonomy_expanded_v0_6; requires visual review for dynamic evidence and title leakage.
parachute air resistance demonstration,physics_mechanics,Air resistance slows moving objects.,0,60,The video should visibly show the temporal process for: Air resistance slows moving objects.,taxonomy_expanded_v0_6; requires visual review for dynamic evidence and title leakage.
feather hammer air resistance video,physics_mechanics,Air resistance slows moving objects.,0,60,The video should visibly show the temporal process for: Air resistance slows moving objects.,taxonomy_expanded_v0_6; requires visual review for dynamic evidence and title leakage.
inclined plane rolling ball acceleration demo,physics_mechanics,An object on an inclined plane accelerates along the slope.,0,60,The video should visibly show the temporal process for: An object on an inclined plane accelerates along the slope.,taxonomy_expanded_v0_6; requires visual review for dynamic evidence and title leakage.
cart on ramp physics video,physics_mechanics,An object on an inclined plane accelerates along the slope.,0,60,The video should visibly show the temporal process for: An object on an inclined plane accelerates along the slope.,taxonomy_expanded_v0_6; requires visual review for dynamic evidence and title leakage.
object sliding down inclined plane,physics_mechanics,An object on an inclined plane accelerates along the slope.,0,60,The video should visibly show the temporal process for: An object on an inclined plane accelerates along the slope.,taxonomy_expanded_v0_6; requires visual review for dynamic evidence and title leakage.
elastic deformation restoration demo video,physics_mechanics,Elastic materials restore shape after deformation.,0,60,The video should visibly show the temporal process for: Elastic materials restore shape after deformation.,taxonomy_expanded_v0_6; requires visual review for dynamic evidence and title leakage.
spring returns to shape physics demo,physics_mechanics,Elastic materials restore shape after deformation.,0,60,The video should visibly show the temporal process for: Elastic materials restore shape after deformation.,taxonomy_expanded_v0_6; requires visual review for dynamic evidence and title leakage.
rubber band elastic force demonstration,physics_mechanics,Elastic materials restore shape after deformation.,0,60,The video should visibly show the temporal process for: Elastic materials restore shape after deformation.,taxonomy_expanded_v0_6; requires visual review for dynamic evidence and title leakage.
gyroscope angular momentum demonstration video,physics_mechanics,A spinning object can maintain angular momentum.,0,60,The video should visibly show the temporal process for: A spinning object can maintain angular momentum.,taxonomy_expanded_v0_6; requires visual review for dynamic evidence and title leakage.
spinning wheel angular momentum demo,physics_mechanics,A spinning object can maintain angular momentum.,0,60,The video should visibly show the temporal process for: A spinning object can maintain angular momentum.,taxonomy_expanded_v0_6; requires visual review for dynamic evidence and title leakage.
spinning top angular momentum video,physics_mechanics,A spinning object can maintain angular momentum.,0,60,The video should visibly show the temporal process for: A spinning object can maintain angular momentum.,taxonomy_expanded_v0_6; requires visual review for dynamic evidence and title leakage.
ice melting time lapse video,chemistry_material_change,A solid can absorb heat and melt into a liquid.,0,60,The video should visibly show the temporal process for: A solid can absorb heat and melt into a liquid.,taxonomy_expanded_v0_6; requires visual review for dynamic evidence and title leakage.
solid melting into liquid demonstration,chemistry_material_change,A solid can absorb heat and melt into a liquid.,0,60,The video should visibly show the temporal process for: A solid can absorb heat and melt into a liquid.,taxonomy_expanded_v0_6; requires visual review for dynamic evidence and title leakage.
wax melting heat demonstration,chemistry_material_change,A solid can absorb heat and melt into a liquid.,0,60,The video should visibly show the temporal process for: A solid can absorb heat and melt into a liquid.,taxonomy_expanded_v0_6; requires visual review for dynamic evidence and title leakage.
water evaporating time lapse video,chemistry_material_change,A liquid can evaporate when heated or exposed to airflow.,0,60,The video should visibly show the temporal process for: A liquid can evaporate when heated or exposed to airflow.,taxonomy_expanded_v0_6; requires visual review for dynamic evidence and title leakage.
evaporation demonstration video,chemistry_material_change,A liquid can evaporate when heated or exposed to airflow.,0,60,The video should visibly show the temporal process for: A liquid can evaporate when heated or exposed to airflow.,taxonomy_expanded_v0_6; requires visual review for dynamic evidence and title leakage.
liquid evaporates heat airflow demo,chemistry_material_change,A liquid can evaporate when heated or exposed to airflow.,0,60,The video should visibly show the temporal process for: A liquid can evaporate when heated or exposed to airflow.,taxonomy_expanded_v0_6; requires visual review for dynamic evidence and title leakage.
food coloring diffusion in water video,chemistry_material_change,Dissolved substances diffuse from high to low concentration.,0,60,The video should visibly show the temporal process for: Dissolved substances diffuse from high to low concentration.,taxonomy_expanded_v0_6; requires visual review for dynamic evidence and title leakage.
dye diffusion water demonstration,chemistry_material_change,Dissolved substances diffuse from high to low concentration.,0,60,The video should visibly show the temporal process for: Dissolved substances diffuse from high to low concentration.,taxonomy_expanded_v0_6; requires visual review for dynamic evidence and title leakage.
colored liquid diffusion time lapse,chemistry_material_change,Dissolved substances diffuse from high to low concentration.,0,60,The video should visibly show the temporal process for: Dissolved substances diffuse from high to low concentration.,taxonomy_expanded_v0_6; requires visual review for dynamic evidence and title leakage.
baking soda vinegar gas bubbles video,chemistry_material_change,Some mixtures produce gas during chemical reactions.,0,60,The video should visibly show the temporal process for: Some mixtures produce gas during chemical reactions.,taxonomy_expanded_v0_6; requires visual review for dynamic evidence and title leakage.
chemical reaction gas production demo,chemistry_material_change,Some mixtures produce gas during chemical reactions.,0,60,The video should visibly show the temporal process for: Some mixtures produce gas during chemical reactions.,taxonomy_expanded_v0_6; requires visual review for dynamic evidence and title leakage.
effervescence reaction demonstration,chemistry_material_change,Some mixtures produce gas during chemical reactions.,0,60,The video should visibly show the temporal process for: Some mixtures produce gas during chemical reactions.,taxonomy_expanded_v0_6; requires visual review for dynamic evidence and title leakage.
chemical color change reaction video,chemistry_material_change,Some chemical reactions produce color change.,0,60,The video should visibly show the temporal process for: Some chemical reactions produce color change.,taxonomy_expanded_v0_6; requires visual review for dynamic evidence and title leakage.
indicator color change experiment video,chemistry_material_change,Some chemical reactions produce color change.,0,60,The video should visibly show the temporal process for: Some chemical reactions produce color change.,taxonomy_expanded_v0_6; requires visual review for dynamic evidence and title leakage.
iodine clock reaction video,chemistry_material_change,Some chemical reactions produce color change.,0,60,The video should visibly show the temporal process for: Some chemical reactions produce color change.,taxonomy_expanded_v0_6; requires visual review for dynamic evidence and title leakage.
precipitation reaction video,chemistry_material_change,Some reactions form a precipitate.,0,60,The video should visibly show the temporal process for: Some reactions form a precipitate.,taxonomy_expanded_v0_6; requires visual review for dynamic evidence and title leakage.
solid precipitate forming chemistry demo,chemistry_material_change,Some reactions form a precipitate.,0,60,The video should visibly show the temporal process for: Some reactions form a precipitate.,taxonomy_expanded_v0_6; requires visual review for dynamic evidence and title leakage.
two clear liquids form precipitate,chemistry_material_change,Some reactions form a precipitate.,0,60,The video should visibly show the temporal process for: Some reactions form a precipitate.,taxonomy_expanded_v0_6; requires visual review for dynamic evidence and title leakage.
bimetal strip heating bends video,chemistry_material_change,Materials can expand unevenly when heated.,0,60,The video should visibly show the temporal process for: Materials can expand unevenly when heated.,taxonomy_expanded_v0_6; requires visual review for dynamic evidence and title leakage.
thermal expansion bimetal demonstration,chemistry_material_change,Materials can expand unevenly when heated.,0,60,The video should visibly show the temporal process for: Materials can expand unevenly when heated.,taxonomy_expanded_v0_6; requires visual review for dynamic evidence and title leakage.
metal strip bends when heated,chemistry_material_change,Materials can expand unevenly when heated.,0,60,The video should visibly show the temporal process for: Materials can expand unevenly when heated.,taxonomy_expanded_v0_6; requires visual review for dynamic evidence and title leakage.
candle oxygen jar extinguish video,chemistry_material_change,Combustion requires fuel and oxygen.,0,60,The video should visibly show the temporal process for: Combustion requires fuel and oxygen.,taxonomy_expanded_v0_6; requires visual review for dynamic evidence and title leakage.
combustion oxygen demonstration,chemistry_material_change,Combustion requires fuel and oxygen.,0,60,The video should visibly show the temporal process for: Combustion requires fuel and oxygen.,taxonomy_expanded_v0_6; requires visual review for dynamic evidence and title leakage.
flame goes out without oxygen demo,chemistry_material_change,Combustion requires fuel and oxygen.,0,60,The video should visibly show the temporal process for: Combustion requires fuel and oxygen.,taxonomy_expanded_v0_6; requires visual review for dynamic evidence and title leakage.
water freezing time lapse video,chemistry_material_change,Cooling can cause liquid to solidify.,0,60,The video should visibly show the temporal process for: Cooling can cause liquid to solidify.,taxonomy_expanded_v0_6; requires visual review for dynamic evidence and title leakage.
liquid solidifies cooling demonstration,chemistry_material_change,Cooling can cause liquid to solidify.,0,60,The video should visibly show the temporal process for: Cooling can cause liquid to solidify.,taxonomy_expanded_v0_6; requires visual review for dynamic evidence and title leakage.
wax solidifying time lapse,chemistry_material_change,Cooling can cause liquid to solidify.,0,60,The video should visibly show the temporal process for: Cooling can cause liquid to solidify.,taxonomy_expanded_v0_6; requires visual review for dynamic evidence and title leakage.
salt crystallization evaporation time lapse,chemistry_material_change,Solvent evaporation can leave crystals behind.,0,60,The video should visibly show the temporal process for: Solvent evaporation can leave crystals behind.,taxonomy_expanded_v0_6; requires visual review for dynamic evidence and title leakage.
crystals form as water evaporates video,chemistry_material_change,Solvent evaporation can leave crystals behind.,0,60,The video should visibly show the temporal process for: Solvent evaporation can leave crystals behind.,taxonomy_expanded_v0_6; requires visual review for dynamic evidence and title leakage.
evaporation crystallization demonstration,chemistry_material_change,Solvent evaporation can leave crystals behind.,0,60,The video should visibly show the temporal process for: Solvent evaporation can leave crystals behind.,taxonomy_expanded_v0_6; requires visual review for dynamic evidence and title leakage.
plant phototropism time lapse video,biology_life_processes,Plant shoots can grow toward a light source.,0,60,The video should visibly show the temporal process for: Plant shoots can grow toward a light source.,taxonomy_expanded_v0_6; requires visual review for dynamic evidence and title leakage.
seedling grows toward light timelapse,biology_life_processes,Plant shoots can grow toward a light source.,0,60,The video should visibly show the temporal process for: Plant shoots can grow toward a light source.,taxonomy_expanded_v0_6; requires visual review for dynamic evidence and title leakage.
shoot bends toward light video,biology_life_processes,Plant shoots can grow toward a light source.,0,60,The video should visibly show the temporal process for: Plant shoots can grow toward a light source.,taxonomy_expanded_v0_6; requires visual review for dynamic evidence and title leakage.
root gravitropism time lapse video,biology_life_processes,Roots can grow downward in response to gravity.,0,60,The video should visibly show the temporal process for: Roots can grow downward in response to gravity.,taxonomy_expanded_v0_6; requires visual review for dynamic evidence and title leakage.
roots grow downward timelapse,biology_life_processes,Roots can grow downward in response to gravity.,0,60,The video should visibly show the temporal process for: Roots can grow downward in response to gravity.,taxonomy_expanded_v0_6; requires visual review for dynamic evidence and title leakage.
seed germination root downward video,biology_life_processes,Roots can grow downward in response to gravity.,0,60,The video should visibly show the temporal process for: Roots can grow downward in response to gravity.,taxonomy_expanded_v0_6; requires visual review for dynamic evidence and title leakage.
colored water celery capillary action video,biology_life_processes,Water can move through narrow plant structures by capillary action.,0,60,The video should visibly show the temporal process for: Water can move through narrow plant structures by capillary action.,taxonomy_expanded_v0_6; requires visual review for dynamic evidence and title leakage.
plant capillary action demonstration,biology_life_processes,Water can move through narrow plant structures by capillary action.,0,60,The video should visibly show the temporal process for: Water can move through narrow plant structures by capillary action.,taxonomy_expanded_v0_6; requires visual review for dynamic evidence and title leakage.
water moves up celery food coloring,biology_life_processes,Water can move through narrow plant structures by capillary action.,0,60,The video should visibly show the temporal process for: Water can move through narrow plant structures by capillary action.,taxonomy_expanded_v0_6; requires visual review for dynamic evidence and title leakage.
transpiration bag plant water droplets video,biology_life_processes,Transpiration helps move water through plants.,0,60,The video should visibly show the temporal process for: Transpiration helps move water through plants.,taxonomy_expanded_v0_6; requires visual review for dynamic evidence and title leakage.
plant transpiration demonstration video,biology_life_processes,Transpiration helps move water through plants.,0,60,The video should visibly show the temporal process for: Transpiration helps move water through plants.,taxonomy_expanded_v0_6; requires visual review for dynamic evidence and title leakage.
water loss from leaves experiment,biology_life_processes,Transpiration helps move water through plants.,0,60,The video should visibly show the temporal process for: Transpiration helps move water through plants.,taxonomy_expanded_v0_6; requires visual review for dynamic evidence and title leakage.
muscle joint model contraction video,biology_life_processes,Muscles move joints by contraction and pulling.,0,60,The video should visibly show the temporal process for: Muscles move joints by contraction and pulling.,taxonomy_expanded_v0_6; requires visual review for dynamic evidence and title leakage.
biceps triceps joint model demonstration,biology_life_processes,Muscles move joints by contraction and pulling.,0,60,The video should visibly show the temporal process for: Muscles move joints by contraction and pulling.,taxonomy_expanded_v0_6; requires visual review for dynamic evidence and title leakage.
muscle contraction moves arm model,biology_life_processes,Muscles move joints by contraction and pulling.,0,60,The video should visibly show the temporal process for: Muscles move joints by contraction and pulling.,taxonomy_expanded_v0_6; requires visual review for dynamic evidence and title leakage.
heart pump model liquid circulation video,biology_life_processes,A pump-like organ can drive fluid circulation.,0,60,The video should visibly show the temporal process for: A pump-like organ can drive fluid circulation.,taxonomy_expanded_v0_6; requires visual review for dynamic evidence and title leakage.
heart model pumping water demonstration,biology_life_processes,A pump-like organ can drive fluid circulation.,0,60,The video should visibly show the temporal process for: A pump-like organ can drive fluid circulation.,taxonomy_expanded_v0_6; requires visual review for dynamic evidence and title leakage.
circulatory pump demo video,biology_life_processes,A pump-like organ can drive fluid circulation.,0,60,The video should visibly show the temporal process for: A pump-like organ can drive fluid circulation.,taxonomy_expanded_v0_6; requires visual review for dynamic evidence and title leakage.
phototaxis organism moves toward light video,biology_life_processes,Some organisms move toward or away from light.,0,60,The video should visibly show the temporal process for: Some organisms move toward or away from light.,taxonomy_expanded_v0_6; requires visual review for dynamic evidence and title leakage.
insects moving toward light experiment,biology_life_processes,Some organisms move toward or away from light.,0,60,The video should visibly show the temporal process for: Some organisms move toward or away from light.,taxonomy_expanded_v0_6; requires visual review for dynamic evidence and title leakage.
euglena phototaxis video,biology_life_processes,Some organisms move toward or away from light.,0,60,The video should visibly show the temporal process for: Some organisms move toward or away from light.,taxonomy_expanded_v0_6; requires visual review for dynamic evidence and title leakage.
seed germination time lapse root shoot video,biology_life_processes,Seed germination involves root and shoot emergence.,0,60,The video should visibly show the temporal process for: Seed germination involves root and shoot emergence.,taxonomy_expanded_v0_6; requires visual review for dynamic evidence and title leakage.
bean seed germination timelapse,biology_life_processes,Seed germination involves root and shoot emergence.,0,60,The video should visibly show the temporal process for: Seed germination involves root and shoot emergence.,taxonomy_expanded_v0_6; requires visual review for dynamic evidence and title leakage.
sprout root shoot emergence video,biology_life_processes,Seed germination involves root and shoot emergence.,0,60,The video should visibly show the temporal process for: Seed germination involves root and shoot emergence.,taxonomy_expanded_v0_6; requires visual review for dynamic evidence and title leakage.
leaf transpiration water vapor demonstration video,biology_life_processes,Leaves can lose water vapor through stomata.,0,60,The video should visibly show the temporal process for: Leaves can lose water vapor through stomata.,taxonomy_expanded_v0_6; requires visual review for dynamic evidence and title leakage.
stomata transpiration experiment video,biology_life_processes,Leaves can lose water vapor through stomata.,0,60,The video should visibly show the temporal process for: Leaves can lose water vapor through stomata.,taxonomy_expanded_v0_6; requires visual review for dynamic evidence and title leakage.
leaf water loss time lapse,biology_life_processes,Leaves can lose water vapor through stomata.,0,60,The video should visibly show the temporal process for: Leaves can lose water vapor through stomata.,taxonomy_expanded_v0_6; requires visual review for dynamic evidence and title leakage.
animal gait cycle slow motion video,biology_life_processes,Animal movement often uses repeated joint cycles.,0,60,The video should visibly show the temporal process for: Animal movement often uses repeated joint cycles.,taxonomy_expanded_v0_6; requires visual review for dynamic evidence and title leakage.
walking joint cycle demonstration,biology_life_processes,Animal movement often uses repeated joint cycles.,0,60,The video should visibly show the temporal process for: Animal movement often uses repeated joint cycles.,taxonomy_expanded_v0_6; requires visual review for dynamic evidence and title leakage.
locomotion repeated joint movement video,biology_life_processes,Animal movement often uses repeated joint cycles.,0,60,The video should visibly show the temporal process for: Animal movement often uses repeated joint cycles.,taxonomy_expanded_v0_6; requires visual review for dynamic evidence and title leakage.
sponge absorbing water video,everyday_causal_mechanisms,Porous materials absorb liquid through internal spaces.,0,60,The video should visibly show the temporal process for: Porous materials absorb liquid through internal spaces.,taxonomy_expanded_v0_6; requires visual review for dynamic evidence and title leakage.
paper towel absorbing water demonstration,everyday_causal_mechanisms,Porous materials absorb liquid through internal spaces.,0,60,The video should visibly show the temporal process for: Porous materials absorb liquid through internal spaces.,taxonomy_expanded_v0_6; requires visual review for dynamic evidence and title leakage.
porous material absorbs liquid time lapse,everyday_causal_mechanisms,Porous materials absorb liquid through internal spaces.,0,60,The video should visibly show the temporal process for: Porous materials absorb liquid through internal spaces.,taxonomy_expanded_v0_6; requires visual review for dynamic evidence and title leakage.
warm air rises convection demonstration video,everyday_causal_mechanisms,Warm air rises and can drive convection.,0,60,The video should visibly show the temporal process for: Warm air rises and can drive convection.,taxonomy_expanded_v0_6; requires visual review for dynamic evidence and title leakage.
candle smoke convection video,everyday_causal_mechanisms,Warm air rises and can drive convection.,0,60,The video should visibly show the temporal process for: Warm air rises and can drive convection.,taxonomy_expanded_v0_6; requires visual review for dynamic evidence and title leakage.
hot air moves paper spiral demo,everyday_causal_mechanisms,Warm air rises and can drive convection.,0,60,The video should visibly show the temporal process for: Warm air rises and can drive convection.,taxonomy_expanded_v0_6; requires visual review for dynamic evidence and title leakage.
evaporative cooling demonstration video,everyday_causal_mechanisms,Evaporation can cool a surface.,0,60,The video should visibly show the temporal process for: Evaporation can cool a surface.,taxonomy_expanded_v0_6; requires visual review for dynamic evidence and title leakage.
evaporation cools thermometer experiment,everyday_causal_mechanisms,Evaporation can cool a surface.,0,60,The video should visibly show the temporal process for: Evaporation can cool a surface.,taxonomy_expanded_v0_6; requires visual review for dynamic evidence and title leakage.
wet cloth cooling evaporation demo,everyday_causal_mechanisms,Evaporation can cool a surface.,0,60,The video should visibly show the temporal process for: Evaporation can cool a surface.,taxonomy_expanded_v0_6; requires visual review for dynamic evidence and title leakage.
iron filings magnetic field video,everyday_causal_mechanisms,Magnetic fields can align or attract ferromagnetic materials.,0,60,The video should visibly show the temporal process for: Magnetic fields can align or attract ferromagnetic materials.,taxonomy_expanded_v0_6; requires visual review for dynamic evidence and title leakage.
magnet attracts iron filings demonstration,everyday_causal_mechanisms,Magnetic fields can align or attract ferromagnetic materials.,0,60,The video should visibly show the temporal process for: Magnetic fields can align or attract ferromagnetic materials.,taxonomy_expanded_v0_6; requires visual review for dynamic evidence and title leakage.
magnetic field lines iron filings demo,everyday_causal_mechanisms,Magnetic fields can align or attract ferromagnetic materials.,0,60,The video should visibly show the temporal process for: Magnetic fields can align or attract ferromagnetic materials.,taxonomy_expanded_v0_6; requires visual review for dynamic evidence and title leakage.
pressure difference moves water demonstration,everyday_causal_mechanisms,Pressure differences can move fluids.,0,60,The video should visibly show the temporal process for: Pressure differences can move fluids.,taxonomy_expanded_v0_6; requires visual review for dynamic evidence and title leakage.
syringe pressure fluid movement video,everyday_causal_mechanisms,Pressure differences can move fluids.,0,60,The video should visibly show the temporal process for: Pressure differences can move fluids.,taxonomy_expanded_v0_6; requires visual review for dynamic evidence and title leakage.
air pressure water bottle experiment,everyday_causal_mechanisms,Pressure differences can move fluids.,0,60,The video should visibly show the temporal process for: Pressure differences can move fluids.,taxonomy_expanded_v0_6; requires visual review for dynamic evidence and title leakage.
capillary action paper towel water video,everyday_causal_mechanisms,Capillary action can pull liquid through narrow gaps.,0,60,The video should visibly show the temporal process for: Capillary action can pull liquid through narrow gaps.,taxonomy_expanded_v0_6; requires visual review for dynamic evidence and title leakage.
water climbs paper towel demonstration,everyday_causal_mechanisms,Capillary action can pull liquid through narrow gaps.,0,60,The video should visibly show the temporal process for: Capillary action can pull liquid through narrow gaps.,taxonomy_expanded_v0_6; requires visual review for dynamic evidence and title leakage.
capillary action narrow tube video,everyday_causal_mechanisms,Capillary action can pull liquid through narrow gaps.,0,60,The video should visibly show the temporal process for: Capillary action can pull liquid through narrow gaps.,taxonomy_expanded_v0_6; requires visual review for dynamic evidence and title leakage.
slipping due to low friction demonstration video,everyday_causal_mechanisms,Reduced friction can cause slipping.,0,60,The video should visibly show the temporal process for: Reduced friction can cause slipping.,taxonomy_expanded_v0_6; requires visual review for dynamic evidence and title leakage.
ice low friction object sliding video,everyday_causal_mechanisms,Reduced friction can cause slipping.,0,60,The video should visibly show the temporal process for: Reduced friction can cause slipping.,taxonomy_expanded_v0_6; requires visual review for dynamic evidence and title leakage.
tire slipping low friction video,everyday_causal_mechanisms,Reduced friction can cause slipping.,0,60,The video should visibly show the temporal process for: Reduced friction can cause slipping.,taxonomy_expanded_v0_6; requires visual review for dynamic evidence and title leakage.
center of mass tipping demonstration video,everyday_causal_mechanisms,Center of mass affects whether an object tips over.,0,60,The video should visibly show the temporal process for: Center of mass affects whether an object tips over.,taxonomy_expanded_v0_6; requires visual review for dynamic evidence and title leakage.
object tips over center of gravity demo,everyday_causal_mechanisms,Center of mass affects whether an object tips over.,0,60,The video should visibly show the temporal process for: Center of mass affects whether an object tips over.,taxonomy_expanded_v0_6; requires visual review for dynamic evidence and title leakage.
balancing center of mass experiment,everyday_causal_mechanisms,Center of mass affects whether an object tips over.,0,60,The video should visibly show the temporal process for: Center of mass affects whether an object tips over.,taxonomy_expanded_v0_6; requires visual review for dynamic evidence and title leakage.
surface tension paper clip water video,everyday_causal_mechanisms,Surface tension can support or reshape small liquid structures.,0,60,The video should visibly show the temporal process for: Surface tension can support or reshape small liquid structures.,taxonomy_expanded_v0_6; requires visual review for dynamic evidence and title leakage.
water strider surface tension video,everyday_causal_mechanisms,Surface tension can support or reshape small liquid structures.,0,60,The video should visibly show the temporal process for: Surface tension can support or reshape small liquid structures.,taxonomy_expanded_v0_6; requires visual review for dynamic evidence and title leakage.
droplet surface tension demonstration,everyday_causal_mechanisms,Surface tension can support or reshape small liquid structures.,0,60,The video should visibly show the temporal process for: Surface tension can support or reshape small liquid structures.,taxonomy_expanded_v0_6; requires visual review for dynamic evidence and title leakage.
vibration transfers energy demonstration video,everyday_causal_mechanisms,Vibration can transfer energy through a medium.,0,60,The video should visibly show the temporal process for: Vibration can transfer energy through a medium.,taxonomy_expanded_v0_6; requires visual review for dynamic evidence and title leakage.
sound vibration moves objects video,everyday_causal_mechanisms,Vibration can transfer energy through a medium.,0,60,The video should visibly show the temporal process for: Vibration can transfer energy through a medium.,taxonomy_expanded_v0_6; requires visual review for dynamic evidence and title leakage.
tuning fork water vibration demo,everyday_causal_mechanisms,Vibration can transfer energy through a medium.,0,60,The video should visibly show the temporal process for: Vibration can transfer energy through a medium.,taxonomy_expanded_v0_6; requires visual review for dynamic evidence and title leakage.
clamp before drilling demonstration video,procedural_operational_principles,Fixing an object before cutting or drilling reduces motion error.,0,60,The video should visibly show the temporal process for: Fixing an object before cutting or drilling reduces motion error.,taxonomy_expanded_v0_6; requires visual review for dynamic evidence and title leakage.
clamping workpiece reduces movement video,procedural_operational_principles,Fixing an object before cutting or drilling reduces motion error.,0,60,The video should visibly show the temporal process for: Fixing an object before cutting or drilling reduces motion error.,taxonomy_expanded_v0_6; requires visual review for dynamic evidence and title leakage.
fix object before cutting demo,procedural_operational_principles,Fixing an object before cutting or drilling reduces motion error.,0,60,The video should visibly show the temporal process for: Fixing an object before cutting or drilling reduces motion error.,taxonomy_expanded_v0_6; requires visual review for dynamic evidence and title leakage.
thermal shock gradual heating glass demonstration,procedural_operational_principles,Gradual heating can reduce thermal shock.,0,60,The video should visibly show the temporal process for: Gradual heating can reduce thermal shock.,taxonomy_expanded_v0_6; requires visual review for dynamic evidence and title leakage.
glass thermal shock experiment video,procedural_operational_principles,Gradual heating can reduce thermal shock.,0,60,The video should visibly show the temporal process for: Gradual heating can reduce thermal shock.,taxonomy_expanded_v0_6; requires visual review for dynamic evidence and title leakage.
gradual heating prevents cracking demo,procedural_operational_principles,Gradual heating can reduce thermal shock.,0,60,The video should visibly show the temporal process for: Gradual heating can reduce thermal shock.,taxonomy_expanded_v0_6; requires visual review for dynamic evidence and title leakage.
stir while adding powder prevents clumps video,procedural_operational_principles,Stirring while adding powder improves dispersion.,0,60,The video should visibly show the temporal process for: Stirring while adding powder improves dispersion.,taxonomy_expanded_v0_6; requires visual review for dynamic evidence and title leakage.
mixing powder into liquid stirring demonstration,procedural_operational_principles,Stirring while adding powder improves dispersion.,0,60,The video should visibly show the temporal process for: Stirring while adding powder improves dispersion.,taxonomy_expanded_v0_6; requires visual review for dynamic evidence and title leakage.
powder dispersion stirring demo,procedural_operational_principles,Stirring while adding powder improves dispersion.,0,60,The video should visibly show the temporal process for: Stirring while adding powder improves dispersion.,taxonomy_expanded_v0_6; requires visual review for dynamic evidence and title leakage.
vent before sealing pressure buildup demonstration,procedural_operational_principles,Venting before sealing can reduce pressure buildup.,0,60,The video should visibly show the temporal process for: Venting before sealing can reduce pressure buildup.,taxonomy_expanded_v0_6; requires visual review for dynamic evidence and title leakage.
container venting pressure demo video,procedural_operational_principles,Venting before sealing can reduce pressure buildup.,0,60,The video should visibly show the temporal process for: Venting before sealing can reduce pressure buildup.,taxonomy_expanded_v0_6; requires visual review for dynamic evidence and title leakage.
pressure release before sealing experiment,procedural_operational_principles,Venting before sealing can reduce pressure buildup.,0,60,The video should visibly show the temporal process for: Venting before sealing can reduce pressure buildup.,taxonomy_expanded_v0_6; requires visual review for dynamic evidence and title leakage.
sequential tightening lug nuts demonstration video,procedural_operational_principles,Sequential tightening can distribute force evenly.,0,60,The video should visibly show the temporal process for: Sequential tightening can distribute force evenly.,taxonomy_expanded_v0_6; requires visual review for dynamic evidence and title leakage.
tighten bolts in sequence force distribution,procedural_operational_principles,Sequential tightening can distribute force evenly.,0,60,The video should visibly show the temporal process for: Sequential tightening can distribute force evenly.,taxonomy_expanded_v0_6; requires visual review for dynamic evidence and title leakage.
cross pattern tightening demo,procedural_operational_principles,Sequential tightening can distribute force evenly.,0,60,The video should visibly show the temporal process for: Sequential tightening can distribute force evenly.,taxonomy_expanded_v0_6; requires visual review for dynamic evidence and title leakage.
pre wetting sponge reduces absorption demo,procedural_operational_principles,Pre-wetting can reduce absorption during later application.,0,60,The video should visibly show the temporal process for: Pre-wetting can reduce absorption during later application.,taxonomy_expanded_v0_6; requires visual review for dynamic evidence and title leakage.
pre wet surface absorption demonstration video,procedural_operational_principles,Pre-wetting can reduce absorption during later application.,0,60,The video should visibly show the temporal process for: Pre-wetting can reduce absorption during later application.,taxonomy_expanded_v0_6; requires visual review for dynamic evidence and title leakage.
wetting before applying liquid video,procedural_operational_principles,Pre-wetting can reduce absorption during later application.,0,60,The video should visibly show the temporal process for: Pre-wetting can reduce absorption during later application.,taxonomy_expanded_v0_6; requires visual review for dynamic evidence and title leakage.
filtration separates sand water video,procedural_operational_principles,Filtering separates solids from liquids by particle size.,0,60,The video should visibly show the temporal process for: Filtering separates solids from liquids by particle size.,taxonomy_expanded_v0_6; requires visual review for dynamic evidence and title leakage.
filter paper separates solid liquid demonstration,procedural_operational_principles,Filtering separates solids from liquids by particle size.,0,60,The video should visibly show the temporal process for: Filtering separates solids from liquids by particle size.,taxonomy_expanded_v0_6; requires visual review for dynamic evidence and title leakage.
coffee filter separates particles video,procedural_operational_principles,Filtering separates solids from liquids by particle size.,0,60,The video should visibly show the temporal process for: Filtering separates solids from liquids by particle size.,taxonomy_expanded_v0_6; requires visual review for dynamic evidence and title leakage.
sedimentation settling particles water video,procedural_operational_principles,Settling separates materials by density over time.,0,60,The video should visibly show the temporal process for: Settling separates materials by density over time.,taxonomy_expanded_v0_6; requires visual review for dynamic evidence and title leakage.
muddy water settling time lapse,procedural_operational_principles,Settling separates materials by density over time.,0,60,The video should visibly show the temporal process for: Settling separates materials by density over time.,taxonomy_expanded_v0_6; requires visual review for dynamic evidence and title leakage.
density settling separation demonstration,procedural_operational_principles,Settling separates materials by density over time.,0,60,The video should visibly show the temporal process for: Settling separates materials by density over time.,taxonomy_expanded_v0_6; requires visual review for dynamic evidence and title leakage.
density column liquids layering video,procedural_operational_principles,Layering fluids can demonstrate density differences.,0,60,The video should visibly show the temporal process for: Layering fluids can demonstrate density differences.,taxonomy_expanded_v0_6; requires visual review for dynamic evidence and title leakage.
different density liquids layer demonstration,procedural_operational_principles,Layering fluids can demonstrate density differences.,0,60,The video should visibly show the temporal process for: Layering fluids can demonstrate density differences.,taxonomy_expanded_v0_6; requires visual review for dynamic evidence and title leakage.
oil water syrup density column video,procedural_operational_principles,Layering fluids can demonstrate density differences.,0,60,The video should visibly show the temporal process for: Layering fluids can demonstrate density differences.,taxonomy_expanded_v0_6; requires visual review for dynamic evidence and title leakage.
small adjustments stabilize balancing demo,procedural_operational_principles,Repeated small adjustments can stabilize a system better than one large adjustment.,0,60,The video should visibly show the temporal process for: Repeated small adjustments can stabilize a system better than one large adjustment.,taxonomy_expanded_v0_6; requires visual review for dynamic evidence and title leakage.
iterative adjustment stabilization video,procedural_operational_principles,Repeated small adjustments can stabilize a system better than one large adjustment.,0,60,The video should visibly show the temporal process for: Repeated small adjustments can stabilize a system better than one large adjustment.,taxonomy_expanded_v0_6; requires visual review for dynamic evidence and title leakage.
fine tuning balance demonstration,procedural_operational_principles,Repeated small adjustments can stabilize a system better than one large adjustment.,0,60,The video should visibly show the temporal process for: Repeated small adjustments can stabilize a system better than one large adjustment.,taxonomy_expanded_v0_6; requires visual review for dynamic evidence and title leakage.
brazil nut effect demonstration video,procedural_operational_principles,Vibration can cause granular materials to segregate by particle size.,0,60,The video should visibly show the temporal process for: Vibration can cause granular materials to segregate by particle size.,taxonomy_expanded_v0_6; requires visual review for dynamic evidence and title leakage.
granular segregation shaking video,procedural_operational_principles,Vibration can cause granular materials to segregate by particle size.,0,60,The video should visibly show the temporal process for: Vibration can cause granular materials to segregate by particle size.,taxonomy_expanded_v0_6; requires visual review for dynamic evidence and title leakage.
particles separate by size shaking demonstration,procedural_operational_principles,Vibration can cause granular materials to segregate by particle size.,0,60,The video should visibly show the temporal process for: Vibration can cause granular materials to segregate by particle size.,taxonomy_expanded_v0_6; requires visual review for dynamic evidence and title leakage.
