id,page_url,title,direct_url,mime,duration_sec,license_short_name,usage_terms
dynaknow_000018,https://commons.wikimedia.org/wiki/File:Candle_and_Match.ogv,File:Candle and Match.ogv,https://upload.wikimedia.org/wikipedia/commons/6/6c/Candle_and_Match.ogv,video/ogg,,,
dynaknow_000039,https://commons.wikimedia.org/wiki/File:Corona.Candle.webm,File:Corona.Candle.webm,https://upload.wikimedia.org/wikipedia/commons/7/72/Corona.Candle.webm,video/webm,,,
dynaknow_000047,https://commons.wikimedia.org/wiki/File:Carom_billiards.webm,File:Carom billiards.webm,https://upload.wikimedia.org/wikipedia/commons/6/62/Carom_billiards.webm,video/webm,,,
dynaknow_000048,https://commons.wikimedia.org/wiki/File:Video_of_RP_FLIP_transitioning_to_vertical_(120630-N-PO203-001).webm,File:Video of RP FLIP transitioning to vertical (120630-N-PO203-001).webm,https://upload.wikimedia.org/wikipedia/commons/c/cd/Video_of_RP_FLIP_transitioning_to_vertical_(120630-N-PO203-001).webm,video/webm,,,
dynaknow_000057,https://commons.wikimedia.org/wiki/File:Cat.ogv,File:Cat.ogv,https://upload.wikimedia.org/wikipedia/commons/4/42/Cat.ogv,video/ogg,,,
dynaknow_000061,https://commons.wikimedia.org/wiki/File:Corona.ogv,File:Corona.ogv,https://upload.wikimedia.org/wikipedia/commons/6/67/Corona.ogv,video/ogg,,,
dynaknow_000062,https://commons.wikimedia.org/wiki/File:CandleGettingBlownOut.ogv,File:CandleGettingBlownOut.ogv,https://upload.wikimedia.org/wikipedia/commons/1/11/CandleGettingBlownOut.ogv,video/ogg,,,
dynaknow_000067,https://commons.wikimedia.org/wiki/File:De_2e_voetballoze_zondag_Weeknummer_61-06_-_Open_Beelden_-_49287.ogv,File:De 2e voetballoze zondag Weeknummer 61-06 - Open Beelden - 49287.ogv,https://upload.wikimedia.org/wikipedia/commons/0/0a/De_2e_voetballoze_zondag_Weeknummer_61-06_-_Open_Beelden_-_49287.ogv,video/ogg,,,
dynaknow_000068,https://commons.wikimedia.org/wiki/File:Citybeat_-_Guitarist_Snooker_Champ_Michael_Laucke.ogv,File:Citybeat - Guitarist Snooker Champ Michael Laucke.ogv,https://upload.wikimedia.org/wikipedia/commons/3/3f/Citybeat_-_Guitarist_Snooker_Champ_Michael_Laucke.ogv,video/ogg,,,
