id,video_path,frame_count,fps,first,middle,last,sparse,error
dynaknow_000018,/root/public/jasonshu/dynaknow_video/media/raw/dynaknow_000018.ogv,763,29.970,ok,ok,ok,7,partial_frame_extraction
dynaknow_000039,/root/public/jasonshu/dynaknow_video/media/raw/dynaknow_000039.webm,526,25.000,ok,ok,ok,7,partial_frame_extraction
dynaknow_000047,/root/public/jasonshu/dynaknow_video/media/raw/dynaknow_000047.webm,2399,29.970,ok,ok,ok,8,
dynaknow_000048,/root/public/jasonshu/dynaknow_video/media/raw/dynaknow_000048.webm,77584,1000.000,ok,missing,ok,2,partial_frame_extraction
dynaknow_000057,/root/public/jasonshu/dynaknow_video/media/raw/dynaknow_000057.ogv,398,29.970,ok,ok,ok,8,
dynaknow_000061,/root/public/jasonshu/dynaknow_video/media/raw/dynaknow_000061.ogv,526,25.000,ok,ok,ok,8,
dynaknow_000062,/root/public/jasonshu/dynaknow_video/media/raw/dynaknow_000062.ogv,438,25.000,ok,ok,ok,8,
dynaknow_000067,/root/public/jasonshu/dynaknow_video/media/raw/dynaknow_000067.ogv,1538,25.000,missing,ok,missing,0,partial_frame_extraction
dynaknow_000068,/root/public/jasonshu/dynaknow_video/media/raw/dynaknow_000068.ogv,5171,29.970,ok,ok,ok,7,partial_frame_extraction
