id,candidate_id,candidate_knowledge_point,concept_id,concept_cluster_id,domain_seed,subdomain_seed,source_platform,source_url,license_or_usage_note,raw_duration_sec,local_media,contact_sheet,review_status,recommended_action,suggested_start_sec,suggested_end_sec,review_notes,v1_review_status,v1_seed_status,domain_target_gap,repeat_concept_rank,repeat_concept_cap,source_csv
vdcr_commons_mr13_000005,vdcr_commons_mr13_000005,Rayleigh-Taylor Instability,vdcr_concept_0005,vdcr_concept_0005,physics_physical_systems,physics_family_01,wikimedia_commons,https://commons.wikimedia.org/wiki/File:HD-Rayleigh-Taylor.gif,Public domain USGov,0.1,,,review,inspect_video,0,0.1,"Candidate must show the temporal sequence that instantiates Rayleigh-Taylor Instability, not merely an object, scene, or static result.",pass_candidate,new_candidate,32,1,3,data/vdcr_candidate_videos_combined_v1.csv
vdcr_commons_mr19_000004,vdcr_commons_mr19_000004,Glacier Surge,vdcr_concept_0221,vdcr_concept_0221,earth_environmental_systems,earth_family_05,national_park_service,https://www.nps.gov/media/video/view.htm?id=3891AE87-2739-4586-BA36-E57FCE285B37,Public domain NPS video credited to NPS without copyright symbol,30,,,review,inspect_video,0,30,"Candidate must show rapid surge-phase glacier toe advance and surface thickening/uplift over time, not ordinary slow glacier retreat or static ice morphology.",pass_candidate,new_candidate,32,1,3,data/vdcr_candidate_videos_combined_v1.csv
vdcr_archive_b08_000002,vdcr_archive_b08_000002,Magnetic Reconnection,vdcr_concept_0047,vdcr_concept_0047,physics_physical_systems,physics_family_07,internet_archive,https://archive.org/details/CIL-10072,archive_license_verify_on_page,15.6,,,review,inspect_video,0.0,15.6,"Candidate must show the temporal sequence that instantiates Magnetic Reconnection, not merely an object, scene, or static result.",pass_candidate,new_candidate,31,1,3,data/vdcr_candidate_videos_combined_v1.csv
vdcr_archive_b08_000009,vdcr_archive_b08_000009,Coronal Mass Ejection,vdcr_concept_0053,vdcr_concept_0053,physics_physical_systems,physics_family_07,internet_archive,https://archive.org/details/VE-VID-16618,archive_license_verify_on_page,5.2,,,review,inspect_video,0.0,5.2,"Candidate must show the temporal sequence that instantiates Coronal Mass Ejection, not merely an object, scene, or static result.",pass_candidate,new_candidate,30,1,3,data/vdcr_candidate_videos_combined_v1.csv
vdcr_archive_only_000003,vdcr_archive_only_000003,Rayleigh-Taylor Instability,vdcr_concept_0005,vdcr_concept_0005,physics_physical_systems,physics_family_01,internet_archive,https://archive.org/details/SVS-39,archive_license_verify_on_page,15.0,,,review,inspect_video,0.0,15.0,"Candidate must show the temporal sequence that instantiates Rayleigh-Taylor Instability, not merely an object, scene, or static result.",revise,new_candidate,29,2,3,data/vdcr_candidate_videos_combined_v1.csv
vdcr_commons_mr10_000003,vdcr_commons_mr10_000003,Marangoni-Driven Flow,vdcr_concept_0015,vdcr_concept_0015,physics_physical_systems,physics_family_02,wikimedia_commons,https://commons.wikimedia.org/wiki/File:Marangoni_effect_experimental_demonstration.ogv,CC-BY-3.0 Commons own work,29.0,,,review,inspect_video,0.0,29.0,"Candidate must show surface-tension-gradient-driven liquid motion after surfactant/alcohol perturbation, not ordinary spreading or stirring.",revise,new_candidate,28,2,3,data/vdcr_candidate_videos_combined_v1.csv
vdcr_commons_mr7_000003,vdcr_commons_mr7_000003,Meander Neck Cutoff,vdcr_concept_0196,vdcr_concept_0196,earth_environmental_systems,earth_family_02,wikimedia_commons,https://commons.wikimedia.org/wiki/File:OxbowAnimation.gif,CC-BY-SA-3.0/GFDL Commons animated GIF,13.0,,,review,inspect_video,0.0,13.0,"Candidate must show a meander neck narrowing, cutoff formation, and abandoned loop/oxbow development over time, not a static river shape.",revise,new_candidate,31,2,3,data/vdcr_candidate_videos_combined_v1.csv
vdcr_archive_b08_000006,vdcr_archive_b08_000006,Solar Prominence Eruption,vdcr_concept_0052,vdcr_concept_0052,physics_physical_systems,physics_family_07,internet_archive,https://archive.org/details/youtube-L1X8oEbuCUA,archive_license_verify_on_page,67.0,,,review,inspect_video,0.0,30.0,"Candidate must show the temporal sequence that instantiates Solar Prominence Eruption, not merely an object, scene, or static result.",revise,new_candidate,27,1,3,data/vdcr_candidate_videos_combined_v1.csv
vdcr_archive_only_000002,vdcr_archive_only_000002,Rayleigh-Taylor Instability,vdcr_concept_0005,vdcr_concept_0005,physics_physical_systems,physics_family_01,internet_archive,https://archive.org/details/SVS-44,archive_license_verify_on_page,15.8,,,review,inspect_video,0.0,15.8,"Candidate must show the temporal sequence that instantiates Rayleigh-Taylor Instability, not merely an object, scene, or static result.",review,new_candidate,26,3,3,data/vdcr_candidate_videos_combined_v1.csv
vdcr_commons_mr13_000002,vdcr_commons_mr13_000002,Faraday Waves,vdcr_concept_0019,vdcr_concept_0019,physics_physical_systems,physics_family_03,wikimedia_commons,https://commons.wikimedia.org/wiki/File:Assembly_of_microscale_beads_on_Faraday_waves.gif,CC BY-SA 3.0,0,,,review,inspect_video,0,0,"Candidate must show the temporal sequence that instantiates Faraday Waves, not merely an object, scene, or static result.",review,new_candidate,25,2,3,data/vdcr_candidate_videos_combined_v1.csv
vdcr_archive_b07_000003,vdcr_archive_b07_000003,Wall Cloud Rotation,vdcr_concept_0193,vdcr_concept_0193,earth_environmental_systems,earth_family_01,internet_archive,https://archive.org/details/Flickr-2558636981,https://creativecommons.org/licenses/by-nd/2.0/,30.0,,,review,inspect_video,0.0,30.0,"Candidate must show the temporal sequence that instantiates Wall Cloud Rotation, not merely an object, scene, or static result.",review,new_candidate,30,1,3,data/vdcr_candidate_videos_combined_v1.csv
vdcr_commons_mr12_000004,vdcr_commons_mr12_000004,Rip Current Formation,vdcr_concept_0237,vdcr_concept_0237,earth_environmental_systems,earth_family_08,wikimedia_commons,https://commons.wikimedia.org/wiki/File:Brandungsr%C3%BCckstrom_(Wangerooge).webm,CC BY-SA 4.0,33,,,review,inspect_video,0,33,"Candidate must show the temporal sequence that instantiates Rip Current Formation, not merely an object, scene, or static result.",review,new_candidate,29,2,3,data/vdcr_candidate_videos_combined_v1.csv
vdcr_archive_b08_000003,vdcr_archive_b08_000003,Magnetic Reconnection,vdcr_concept_0047,vdcr_concept_0047,physics_physical_systems,physics_family_07,internet_archive,https://archive.org/details/CIL-10059,archive_license_verify_on_page,30.9,,,review,inspect_video,0.0,30.0,"Candidate must show the temporal sequence that instantiates Magnetic Reconnection, not merely an object, scene, or static result.",review,new_candidate,24,2,3,data/vdcr_candidate_videos_combined_v1.csv
vdcr_commons_mr33_000005,vdcr_commons_mr33_000005,Wave Refraction,vdcr_concept_0238,vdcr_concept_0238,earth_environmental_systems,earth_family_08,wikimedia_commons,https://commons.wikimedia.org/wiki/File:Refraction-animation.gif,CC BY-SA 4.0,5.5,,,review,inspect_video,0,5.5,Candidate must show wavefronts bending as they enter a region with different propagation speed; a static wave pattern is insufficient.,review,new_candidate,28,1,3,data/vdcr_candidate_videos_combined_v1.csv
curated_003003,curated_003003,Standing-Wave Mode Formation,vdcr_concept_0017,vdcr_concept_0017,physics_physical_systems,physics_family_03,wikimedia_commons,https://commons.wikimedia.org/wiki/File:Dipole_xmting_antenna_animation_2_pulses_HD_1080_12_fps.webm,wikimedia_commons_license_verify_on_page,9.3,media/vdcr_curated_expansion_v2/curated_003003.webm,reports/vdcr_v2_curated_expansion_sparse_sheets/curated_003003_sparse.jpg,review,inspect_video,0.0,9.3,"Candidate should show oscillatory standing-wave current or field mode structure forming over time, not merely a static wave diagram.",,new_candidate,23,1,3,data/vdcr_candidate_videos_curated_expansion_v2.csv
vdcr_archive_b02_000002,vdcr_archive_b02_000002,Vortex Ring Formation,vdcr_concept_0039,vdcr_concept_0039,physics_physical_systems,physics_family_05,internet_archive,https://archive.org/details/matrix-of-a-deepstate-alice-unfolds-mp4-162-gb,http://creativecommons.org/publicdomain/mark/1.0/,7.0,,,review,inspect_video,0.0,7.0,"Candidate must show the temporal sequence that instantiates Vortex Ring Formation, not merely an object, scene, or static result.",,new_candidate,22,2,3,data/vdcr_candidate_videos_combined_v1.csv
vdcr_archive_earth_000033,vdcr_archive_earth_000033,Supercell Mesocyclone Rotation,vdcr_concept_0191,vdcr_concept_0191,earth_environmental_systems,earth_family_01,internet_archive,https://archive.org/details/ybprlhwj-4t-0bg-09q,archive_license_verify_on_page,99.1,,,review,inspect_video,0.0,60.0,Candidate must show supercell cloud rotation or organized mesocyclone structure evolving over time.,,new_candidate,27,2,3,data/vdcr_candidate_videos_combined_v1.csv
vdcr_archive_earth_000035,vdcr_archive_earth_000035,Downburst / Microburst Outflow,vdcr_concept_0190,vdcr_concept_0190,earth_environmental_systems,earth_family_01,internet_archive,https://archive.org/details/Special_Report_-_Laurel_Storm_Damage_-_September_30_2015,archive_license_verify_on_page,150.6,,,review,inspect_video,0.0,60.0,Candidate must show downburst or microburst outflow spreading at the surface over time.,,new_candidate,26,2,3,data/vdcr_candidate_videos_combined_v1.csv
vdcr_archive_earth_r3_000002,vdcr_archive_earth_r3_000002,Supercell Mesocyclone Rotation,vdcr_concept_0191,vdcr_concept_0191,earth_environmental_systems,earth_family_01,internet_archive,https://archive.org/details/SVS-3377,archive_license_verify_on_page,71.7,,,review,inspect_video,0.0,60.0,"Candidate must show organized supercell cloud rotation over time, not a still storm cloud.",,new_candidate,25,3,3,data/vdcr_candidate_videos_combined_v1.csv
vdcr_archive_only_000006,vdcr_archive_only_000006,Hydraulic Jump,vdcr_concept_0008,vdcr_concept_0008,physics_physical_systems,physics_family_01,internet_archive,https://archive.org/details/sharware,archive_license_verify_on_page,16.6,,,review,inspect_video,0.0,16.6,"Candidate must show the temporal sequence that instantiates Hydraulic Jump, not merely an object, scene, or static result.",,new_candidate,21,2,3,data/vdcr_candidate_videos_combined_v1.csv
vdcr_archive_only_000026,vdcr_archive_only_000026,Dzhanibekov Effect / Tennis Racket Theorem,vdcr_concept_0025,vdcr_concept_0025,physics_physical_systems,physics_family_04,internet_archive,https://archive.org/details/youtube-Vl07inMRIq8,archive_license_verify_on_page,38.8,,,review,inspect_video,0.0,30.0,"Candidate must show the temporal sequence that instantiates Dzhanibekov Effect / Tennis Racket Theorem, not merely an object, scene, or static result.",,new_candidate,20,2,3,data/vdcr_candidate_videos_combined_v1.csv
vdcr_archive_only_000027,vdcr_archive_only_000027,Dzhanibekov Effect / Tennis Racket Theorem,vdcr_concept_0025,vdcr_concept_0025,physics_physical_systems,physics_family_04,internet_archive,https://archive.org/details/youtube-_RK-emtrfNs,archive_license_verify_on_page,59.0,,,review,inspect_video,0.0,30.0,"Candidate must show the temporal sequence that instantiates Dzhanibekov Effect / Tennis Racket Theorem, not merely an object, scene, or static result.",,new_candidate,19,3,3,data/vdcr_candidate_videos_combined_v1.csv
vdcr_archive_only_000030,vdcr_archive_only_000030,Crown Splash,vdcr_concept_0032,vdcr_concept_0032,physics_physical_systems,physics_family_05,internet_archive,https://archive.org/details/images-6_202110,http://creativecommons.org/publicdomain/mark/1.0/,16.7,,,review,inspect_video,0.0,16.7,"Candidate must show the temporal sequence that instantiates Crown Splash, not merely an object, scene, or static result.",,new_candidate,18,1,3,data/vdcr_candidate_videos_combined_v1.csv
vdcr_archive_b02_000001,vdcr_archive_b02_000001,Worthington Jet,vdcr_concept_0033,vdcr_concept_0033,physics_physical_systems,physics_family_05,internet_archive,https://archive.org/details/17274industryonparadetimberskinnersvitovwr,https://creativecommons.org/licenses/by-nc-nd/4.0/,2407.8,,,review,inspect_video,0.0,30.0,"Candidate must show the temporal sequence that instantiates Worthington Jet, not merely an object, scene, or static result.",,new_candidate,17,2,3,data/vdcr_candidate_videos_combined_v1.csv
vdcr_archive_b03_000045,vdcr_archive_b03_000045,Downburst / Microburst Outflow,vdcr_concept_0190,vdcr_concept_0190,earth_environmental_systems,earth_family_01,internet_archive,https://archive.org/details/CaliforniaDroughtUpdateApril192015FIVEPROOFSOfHAARPCreatedDrought,archive_license_verify_on_page,1028.5,,,review,inspect_video,0.0,30.0,"Candidate must show the temporal sequence that instantiates Downburst / Microburst Outflow, not merely an object, scene, or static result.",,new_candidate,24,3,3,data/vdcr_candidate_videos_combined_v1.csv
vdcr_archive_b03_000058,vdcr_archive_b03_000058,Tidal Bore,vdcr_concept_0235,vdcr_concept_0235,earth_environmental_systems,earth_family_08,internet_archive,https://archive.org/details/worldsincollisionreel1,archive_license_verify_on_page,1226.5,,,review,inspect_video,0.0,30.0,"Candidate must show the temporal sequence that instantiates Tidal Bore, not merely an object, scene, or static result.",,new_candidate,23,2,3,data/vdcr_candidate_videos_combined_v1.csv
vdcr_archive_b03_000059,vdcr_archive_b03_000059,Tidal Bore,vdcr_concept_0235,vdcr_concept_0235,earth_environmental_systems,earth_family_08,internet_archive,https://archive.org/details/the_blue_planet,archive_license_verify_on_page,1742.4,,,review,inspect_video,0.0,30.0,"Candidate must show the temporal sequence that instantiates Tidal Bore, not merely an object, scene, or static result.",,new_candidate,22,3,3,data/vdcr_candidate_videos_combined_v1.csv
vdcr_archive_earth_000001,vdcr_archive_earth_000001,Pyroclastic Density Current,vdcr_concept_0210,vdcr_concept_0210,earth_environmental_systems,earth_family_04,internet_archive,https://archive.org/details/the-last-day-of-pompeii,archive_license_verify_on_page,6299.4,,,review,inspect_video,0.0,60.0,"Candidate must show a hot volcanic density current advancing downslope over time, not merely ash or a static volcano.",,new_candidate,21,2,3,data/vdcr_candidate_videos_combined_v1.csv
vdcr_archive_earth_000002,vdcr_archive_earth_000002,Pyroclastic Density Current,vdcr_concept_0210,vdcr_concept_0210,earth_environmental_systems,earth_family_04,internet_archive,https://archive.org/details/youtube-2LsqbgtgeHY,archive_license_verify_on_page,933.3,,,review,inspect_video,0.0,60.0,"Candidate must show a hot volcanic density current advancing downslope over time, not merely ash or a static volcano.",,new_candidate,20,3,3,data/vdcr_candidate_videos_combined_v1.csv
vdcr_archive_earth_000006,vdcr_archive_earth_000006,Pahoehoe Lava Roping,vdcr_concept_0211,vdcr_concept_0211,earth_environmental_systems,earth_family_04,internet_archive,https://archive.org/details/TheVistaGroup-HawaiiIslandsoftheFireGoddess1988,archive_license_verify_on_page,3530.1,,,review,inspect_video,0.0,60.0,Candidate must show ropy pahoehoe surface forming or advancing over time.,,new_candidate,19,2,3,data/vdcr_candidate_videos_combined_v1.csv
vdcr_archive_earth_000007,vdcr_archive_earth_000007,Pahoehoe Lava Roping,vdcr_concept_0211,vdcr_concept_0211,earth_environmental_systems,earth_family_04,internet_archive,https://archive.org/details/9pgrQNjuBRvk6a1bL003HT44F4M7SN,archive_license_verify_on_page,1332.8,,,review,inspect_video,0.0,60.0,Candidate must show ropy pahoehoe surface forming or advancing over time.,,new_candidate,18,3,3,data/vdcr_candidate_videos_combined_v1.csv
vdcr_archive_earth_r3_000003,vdcr_archive_earth_r3_000003,Barchan Dune Migration,vdcr_concept_0230,vdcr_concept_0230,earth_environmental_systems,earth_family_07,internet_archive,https://archive.org/details/animal-numbers-1999_202511,archive_license_verify_on_page,1461.0,,,review,inspect_video,0.0,60.0,Candidate must show barchan dune form migrating over time.,,new_candidate,17,1,3,data/vdcr_candidate_videos_combined_v1.csv
vdcr_archive_earth_r3_000004,vdcr_archive_earth_r3_000004,Barchan Dune Migration,vdcr_concept_0230,vdcr_concept_0230,earth_environmental_systems,earth_family_07,internet_archive,https://archive.org/details/sulla-questione-delle-razze-e-su-molto-altro-ancora-joe-fallisi,archive_license_verify_on_page,17219.3,,,review,inspect_video,0.0,60.0,Candidate must show barchan dune form migrating over time.,,new_candidate,16,2,3,data/vdcr_candidate_videos_combined_v1.csv
vdcr_archive_only_000007,vdcr_archive_only_000007,Hydraulic Jump,vdcr_concept_0008,vdcr_concept_0008,physics_physical_systems,physics_family_01,internet_archive,https://archive.org/details/C64GVA246-RockNBolt,http://creativecommons.org/licenses/by-nc-nd/3.0/,871.9,,,review,inspect_video,0.0,30.0,"Candidate must show the temporal sequence that instantiates Hydraulic Jump, not merely an object, scene, or static result.",,new_candidate,16,3,3,data/vdcr_candidate_videos_combined_v1.csv
vdcr_archive_only_000011,vdcr_archive_only_000011,Standing Wave Formation,vdcr_concept_0017,vdcr_concept_0017,physics_physical_systems,physics_family_03,internet_archive,https://archive.org/details/0559_Threads_of_Technology,archive_license_verify_on_page,1047.1,,,review,inspect_video,0.0,30.0,"Candidate must show the temporal sequence that instantiates Standing Wave Formation, not merely an object, scene, or static result.",,new_candidate,15,1,3,data/vdcr_candidate_videos_combined_v1.csv
vdcr_archive_only_000012,vdcr_archive_only_000012,Standing Wave Formation,vdcr_concept_0017,vdcr_concept_0017,physics_physical_systems,physics_family_03,internet_archive,https://archive.org/details/SkyBillb1935,http://creativecommons.org/licenses/publicdomain/,454.8,,,review,inspect_video,0.0,30.0,"Candidate must show the temporal sequence that instantiates Standing Wave Formation, not merely an object, scene, or static result.",,new_candidate,14,2,3,data/vdcr_candidate_videos_combined_v1.csv
vdcr_archive_only_000013,vdcr_archive_only_000013,Standing Wave Formation,vdcr_concept_0017,vdcr_concept_0017,physics_physical_systems,physics_family_03,internet_archive,https://archive.org/details/theworldatwar24thebombfebruarysept1945reel2,archive_license_verify_on_page,1648.8,,,review,inspect_video,0.0,30.0,"Candidate must show the temporal sequence that instantiates Standing Wave Formation, not merely an object, scene, or static result.",,new_candidate,13,3,3,data/vdcr_candidate_videos_combined_v1.csv
vdcr_archive_only_000016,vdcr_archive_only_000016,Faraday Waves,vdcr_concept_0019,vdcr_concept_0019,physics_physical_systems,physics_family_03,internet_archive,https://archive.org/details/Karl_Westerberg_Physics_Lectures_PHYC4C_Lectures,http://creativecommons.org/licenses/by-nc-sa/3.0/,496.4,,,review,inspect_video,0.0,30.0,"Candidate must show the temporal sequence that instantiates Faraday Waves, not merely an object, scene, or static result.",,new_candidate,12,3,3,data/vdcr_candidate_videos_combined_v1.csv
vdcr_archive_only_000021,vdcr_archive_only_000021,Gyroscopic Precession,vdcr_concept_0024,vdcr_concept_0024,physics_physical_systems,physics_family_04,internet_archive,https://archive.org/details/58834AsTheEarthSpins,archive_license_verify_on_page,1030.0,,,review,inspect_video,0.0,30.0,"Candidate must show the temporal sequence that instantiates Gyroscopic Precession, not merely an object, scene, or static result.",,new_candidate,11,2,3,data/vdcr_candidate_videos_combined_v1.csv
vdcr_archive_only_000028,vdcr_archive_only_000028,Crown Splash,vdcr_concept_0032,vdcr_concept_0032,physics_physical_systems,physics_family_05,internet_archive,https://archive.org/details/blues-behind-the-hellraising-black-doors-body-horror-by-daniel-fx-staal-ode-to-c_202511,https://creativecommons.org/licenses/by/4.0/,0.0,,,review,inspect_video,0.0,0.0,"Candidate must show the temporal sequence that instantiates Crown Splash, not merely an object, scene, or static result.",,new_candidate,10,2,3,data/vdcr_candidate_videos_combined_v1.csv
vdcr_archive_only_000029,vdcr_archive_only_000029,Crown Splash,vdcr_concept_0032,vdcr_concept_0032,physics_physical_systems,physics_family_05,internet_archive,https://archive.org/details/kdamore,archive_license_verify_on_page,198.7,,,review,inspect_video,0.0,30.0,"Candidate must show the temporal sequence that instantiates Crown Splash, not merely an object, scene, or static result.",,new_candidate,9,3,3,data/vdcr_candidate_videos_combined_v1.csv
curated_003004,curated_003004,Capillary-Driven Droplet Coalescence,vdcr_concept_0011,vdcr_concept_0011,physics_physical_systems,physics_family_02,wikimedia_commons,https://commons.wikimedia.org/wiki/File:Spontaneous-assembly-of-chemically-encoded-two-dimensional-coacervate-droplet-arrays-by-acoustic-ncomms13068-s2.ogv,CC BY 4.0 verify_on_page,34.0,media/vdcr_curated_expansion_v2/curated_003004.ogv,reports/vdcr_v2_curated_expansion_sparse_sheets/curated_003004_sparse.jpg,review,inspect_video,0.0,34.0,Candidate should show primary droplets merging into larger droplets over time; reviewer must check whether capillary coalescence is visually grounded rather than only source-described.,,new_candidate,8,1,3,data/vdcr_candidate_videos_curated_expansion_v2.csv
vdcr_archive_b03_000055,vdcr_archive_b03_000055,Fire Whirl,vdcr_concept_0222,vdcr_concept_0222,earth_environmental_systems,earth_family_06,internet_archive,https://archive.org/details/ChronoTrigger_334,archive_license_verify_on_page,72.1,,,review,inspect_video,0.0,30.0,"Candidate must show the temporal sequence that instantiates Fire Whirl, not merely an object, scene, or static result.",,new_candidate,15,1,3,data/vdcr_candidate_videos_combined_v1.csv
vdcr_archive_b03_000056,vdcr_archive_b03_000056,Fire Whirl,vdcr_concept_0222,vdcr_concept_0222,earth_environmental_systems,earth_family_06,internet_archive,https://archive.org/details/ClassicClips_170,archive_license_verify_on_page,141.1,,,review,inspect_video,0.0,30.0,"Candidate must show the temporal sequence that instantiates Fire Whirl, not merely an object, scene, or static result.",,new_candidate,14,2,3,data/vdcr_candidate_videos_combined_v1.csv
vdcr_archive_b04_000003,vdcr_archive_b04_000003,Capillary Rise / Wicking,vdcr_concept_0010,vdcr_concept_0010,physics_physical_systems,physics_family_02,internet_archive,https://archive.org/details/sinema-trailer_demons-of-the-mind,archive_license_verify_on_page,168.0,,,review,inspect_video,0.0,30.0,"Candidate must show the temporal sequence that instantiates Capillary Rise / Wicking, not merely an object, scene, or static result.",,new_candidate,7,2,3,data/vdcr_candidate_videos_combined_v1.csv
vdcr_archive_b04_000004,vdcr_archive_b04_000004,Capillary Rise / Wicking,vdcr_concept_0010,vdcr_concept_0010,physics_physical_systems,physics_family_02,internet_archive,https://archive.org/details/sinema-trailer_blood-from-the-mummys-tomb,archive_license_verify_on_page,153.4,,,review,inspect_video,0.0,30.0,"Candidate must show the temporal sequence that instantiates Capillary Rise / Wicking, not merely an object, scene, or static result.",,new_candidate,6,3,3,data/vdcr_candidate_videos_combined_v1.csv
vdcr_archive_b04_000006,vdcr_archive_b04_000006,Coherent Wave Interference,vdcr_concept_0018,vdcr_concept_0018,physics_physical_systems,physics_family_03,internet_archive,https://archive.org/details/Sora_and_Signal_Processing_-_The_Quest_Story_Line,archive_license_verify_on_page,5.1,,,review,inspect_video,0.0,5.1,"Candidate must show the temporal sequence that instantiates Coherent Wave Interference, not merely an object, scene, or static result.",,new_candidate,5,1,3,data/vdcr_candidate_videos_combined_v1.csv
vdcr_archive_b04_000012,vdcr_archive_b04_000012,Double Pendulum Chaos,vdcr_concept_0023,vdcr_concept_0023,physics_physical_systems,physics_family_03,internet_archive,https://archive.org/details/trollop-rullez-the-day-you-killed-yourself,archive_license_verify_on_page,123.0,,,review,inspect_video,0.0,30.0,"Candidate must show the temporal sequence that instantiates Double Pendulum Chaos, not merely an object, scene, or static result.",,new_candidate,4,2,3,data/vdcr_candidate_videos_combined_v1.csv
vdcr_archive_b04_000021,vdcr_archive_b04_000021,Stick-Slip Motion,vdcr_concept_0031,vdcr_concept_0031,physics_physical_systems,physics_family_04,internet_archive,https://archive.org/details/thief1_gold,archive_license_verify_on_page,48.2,,,review,inspect_video,0.0,30.0,"Candidate must show the temporal sequence that instantiates Stick-Slip Motion, not merely an object, scene, or static result.",,new_candidate,3,1,3,data/vdcr_candidate_videos_combined_v1.csv
vdcr_archive_b04_000024,vdcr_archive_b04_000024,Bubble-Bursting Jet,vdcr_concept_0038,vdcr_concept_0038,physics_physical_systems,physics_family_05,internet_archive,https://archive.org/details/paramount-pictures-skydance-media-skydance-animation-2024,archive_license_verify_on_page,66.1,,,review,inspect_video,0.0,30.0,"Candidate must show the temporal sequence that instantiates Bubble-Bursting Jet, not merely an object, scene, or static result.",,new_candidate,2,1,3,data/vdcr_candidate_videos_combined_v1.csv
vdcr_archive_b04_000025,vdcr_archive_b04_000025,Bubble-Bursting Jet,vdcr_concept_0038,vdcr_concept_0038,physics_physical_systems,physics_family_05,internet_archive,https://archive.org/details/skydance-animation-skydance-media-paramount-pictures-2024,archive_license_verify_on_page,32.1,,,review,inspect_video,0.0,30.0,"Candidate must show the temporal sequence that instantiates Bubble-Bursting Jet, not merely an object, scene, or static result.",,new_candidate,1,2,3,data/vdcr_candidate_videos_combined_v1.csv
vdcr_archive_b04_000026,vdcr_archive_b04_000026,Bubble-Bursting Jet,vdcr_concept_0038,vdcr_concept_0038,physics_physical_systems,physics_family_05,internet_archive,https://archive.org/details/skydance-animation-skydance-media-paramount-pictures-2024-low-tone,archive_license_verify_on_page,35.6,,,review,inspect_video,0.0,30.0,"Candidate must show the temporal sequence that instantiates Bubble-Bursting Jet, not merely an object, scene, or static result.",,new_candidate,32,3,3,data/vdcr_candidate_videos_combined_v1.csv
vdcr_archive_b04_000032,vdcr_archive_b04_000032,Bow Shock,vdcr_concept_0042,vdcr_concept_0042,physics_physical_systems,physics_family_06,internet_archive,https://archive.org/details/AchievementHunter_2018,archive_license_verify_on_page,92.1,,,review,inspect_video,0.0,30.0,"Candidate must show the temporal sequence that instantiates Bow Shock, not merely an object, scene, or static result.",,new_candidate,32,1,3,data/vdcr_candidate_videos_combined_v1.csv
vdcr_archive_b04_000035,vdcr_archive_b04_000035,Film Boiling,vdcr_concept_0057,vdcr_concept_0057,physics_physical_systems,physics_family_08,internet_archive,https://archive.org/details/Sita_Sings_the_Blues,http://creativecommons.org/publicdomain/zero/1.0/,105.3,,,review,inspect_video,0.0,30.0,"Candidate must show the temporal sequence that instantiates Film Boiling, not merely an object, scene, or static result.",,new_candidate,32,1,3,data/vdcr_candidate_videos_combined_v1.csv
vdcr_archive_b07_000001,vdcr_archive_b07_000001,Wall Cloud Rotation,vdcr_concept_0193,vdcr_concept_0193,earth_environmental_systems,earth_family_01,internet_archive,https://archive.org/details/schoolhouse-rock-30th,archive_license_verify_on_page,33.2,,,review,inspect_video,0.0,30.0,"Candidate must show the temporal sequence that instantiates Wall Cloud Rotation, not merely an object, scene, or static result.",,new_candidate,13,2,3,data/vdcr_candidate_videos_combined_v1.csv
vdcr_archive_earth_000019,vdcr_archive_earth_000019,Crown Fire Transition,vdcr_concept_0223,vdcr_concept_0223,earth_environmental_systems,earth_family_06,internet_archive,https://archive.org/details/Thief3_100p_13115,archive_license_verify_on_page,26.6,,,review,inspect_video,0.0,26.6,Candidate must show surface fire transitioning into tree crown fire over time.,,new_candidate,12,1,3,data/vdcr_candidate_videos_combined_v1.csv
vdcr_archive_earth_000024,vdcr_archive_earth_000024,Rip Current Formation,vdcr_concept_0237,vdcr_concept_0237,earth_environmental_systems,earth_family_08,internet_archive,https://archive.org/details/Quake4_20954,archive_license_verify_on_page,101.6,,,review,inspect_video,0.0,60.0,"Candidate must show seaward current/channel formation, not beach interviews or warning signs.",,new_candidate,11,3,3,data/vdcr_candidate_videos_combined_v1.csv
vdcr_archive_earth_000025,vdcr_archive_earth_000025,Debris-Flow Surge Propagation,vdcr_concept_0209,vdcr_concept_0209,earth_environmental_systems,earth_family_03,internet_archive,https://archive.org/details/JournalOfRegardless,http://creativecommons.org/licenses/by/3.0/us/,69.8,,,review,inspect_video,0.0,60.0,Candidate must show a debris-flow surge propagating through a channel or slope.,,new_candidate,10,2,3,data/vdcr_candidate_videos_combined_v1.csv
vdcr_archive_earth_000027,vdcr_archive_earth_000027,Debris-Flow Surge Propagation,vdcr_concept_0209,vdcr_concept_0209,earth_environmental_systems,earth_family_03,internet_archive,https://archive.org/details/colorado_flooding_13-sept-2013,archive_license_verify_on_page,50.1,,,review,inspect_video,0.0,50.1,Candidate must show a debris-flow surge propagating through a channel or slope.,,new_candidate,9,3,3,data/vdcr_candidate_videos_combined_v1.csv
vdcr_archive_b04_000007,vdcr_archive_b04_000007,Parametric Resonance,vdcr_concept_0020,vdcr_concept_0020,physics_physical_systems,physics_family_03,internet_archive,https://archive.org/details/parametric-excitation-of-electric-oscillations,archive_license_verify_on_page,1199.5,,,review,inspect_video,0.0,30.0,"Candidate must show the temporal sequence that instantiates Parametric Resonance, not merely an object, scene, or static result.",,new_candidate,32,1,3,data/vdcr_candidate_videos_combined_v1.csv
vdcr_archive_b04_000008,vdcr_archive_b04_000008,Damped Oscillation,vdcr_concept_0022,vdcr_concept_0022,physics_physical_systems,physics_family_03,internet_archive,https://archive.org/details/AssemblyLinesPodcast151,http://creativecommons.org/licenses/by-nc-sa/3.0/,1002.6,,,review,inspect_video,0.0,30.0,"Candidate must show the temporal sequence that instantiates Damped Oscillation, not merely an object, scene, or static result.",,new_candidate,32,1,3,data/vdcr_candidate_videos_combined_v1.csv
vdcr_archive_b04_000010,vdcr_archive_b04_000010,Damped Oscillation,vdcr_concept_0022,vdcr_concept_0022,physics_physical_systems,physics_family_03,internet_archive,https://archive.org/details/vimeo-415215812,archive_license_verify_on_page,1205.5,,,review,inspect_video,0.0,30.0,"Candidate must show the temporal sequence that instantiates Damped Oscillation, not merely an object, scene, or static result.",,new_candidate,32,2,3,data/vdcr_candidate_videos_combined_v1.csv
vdcr_archive_b04_000011,vdcr_archive_b04_000011,Double Pendulum Chaos,vdcr_concept_0023,vdcr_concept_0023,physics_physical_systems,physics_family_03,internet_archive,https://archive.org/details/whats-up-prof-walter-veith-martin-smith-amazing-discoveries-africa,https://creativecommons.org/licenses/by-nd/4.0/,1681.6,,,review,inspect_video,0.0,30.0,"Candidate must show the temporal sequence that instantiates Double Pendulum Chaos, not merely an object, scene, or static result.",,new_candidate,32,3,3,data/vdcr_candidate_videos_combined_v1.csv
vdcr_archive_b04_000016,vdcr_archive_b04_000016,Euler's Disk Motion,vdcr_concept_0026,vdcr_concept_0026,physics_physical_systems,physics_family_04,internet_archive,https://archive.org/details/youtube-UqnPRProXJg,archive_license_verify_on_page,432.0,,,review,inspect_video,0.0,30.0,"Candidate must show the temporal sequence that instantiates Euler's Disk Motion, not merely an object, scene, or static result.",,new_candidate,32,2,3,data/vdcr_candidate_videos_combined_v1.csv
vdcr_archive_b04_000017,vdcr_archive_b04_000017,Elastic Pendulum Motion,vdcr_concept_0027,vdcr_concept_0027,physics_physical_systems,physics_family_04,internet_archive,https://archive.org/details/blmtwpmiv-Try_This_at_Home,archive_license_verify_on_page,1647.6,,,review,inspect_video,0.0,30.0,"Candidate must show the temporal sequence that instantiates Elastic Pendulum Motion, not merely an object, scene, or static result.",,new_candidate,32,1,3,data/vdcr_candidate_videos_combined_v1.csv
vdcr_archive_b04_000018,vdcr_archive_b04_000018,Granular Convection,vdcr_concept_0029,vdcr_concept_0029,physics_physical_systems,physics_family_04,internet_archive,https://archive.org/details/bigclive_20221202,https://creativecommons.org/licenses/by-nc-nd/4.0/,861.4,,,review,inspect_video,0.0,30.0,"Candidate must show the temporal sequence that instantiates Granular Convection, not merely an object, scene, or static result.",,new_candidate,32,1,3,data/vdcr_candidate_videos_combined_v1.csv
vdcr_archive_b04_000019,vdcr_archive_b04_000019,Stick-Slip Motion,vdcr_concept_0031,vdcr_concept_0031,physics_physical_systems,physics_family_04,internet_archive,https://archive.org/details/my_favorite_brunette,http://creativecommons.org/licenses/publicdomain/,5212.4,,,review,inspect_video,0.0,30.0,"Candidate must show the temporal sequence that instantiates Stick-Slip Motion, not merely an object, scene, or static result.",,new_candidate,32,2,3,data/vdcr_candidate_videos_combined_v1.csv
vdcr_archive_b04_000020,vdcr_archive_b04_000020,Stick-Slip Motion,vdcr_concept_0031,vdcr_concept_0031,physics_physical_systems,physics_family_04,internet_archive,https://archive.org/details/MartialLaw911,archive_license_verify_on_page,2634.3,,,review,inspect_video,0.0,30.0,"Candidate must show the temporal sequence that instantiates Stick-Slip Motion, not merely an object, scene, or static result.",,new_candidate,32,3,3,data/vdcr_candidate_videos_combined_v1.csv
vdcr_archive_b04_000023,vdcr_archive_b04_000023,Droplet Impact Spreading,vdcr_concept_0036,vdcr_concept_0036,physics_physical_systems,physics_family_05,internet_archive,https://archive.org/details/c-19-propaganda-war-ade-to-avengers-sleepy-joe-5-months,http://creativecommons.org/publicdomain/mark/1.0/,3736.5,,,review,inspect_video,0.0,30.0,"Candidate must show the temporal sequence that instantiates Droplet Impact Spreading, not merely an object, scene, or static result.",,new_candidate,32,1,3,data/vdcr_candidate_videos_combined_v1.csv
vdcr_archive_b04_000029,vdcr_archive_b04_000029,Bow Shock,vdcr_concept_0042,vdcr_concept_0042,physics_physical_systems,physics_family_06,internet_archive,https://archive.org/details/boys_beware,http://creativecommons.org/licenses/publicdomain/,612.4,,,review,inspect_video,0.0,30.0,"Candidate must show the temporal sequence that instantiates Bow Shock, not merely an object, scene, or static result.",,new_candidate,32,2,3,data/vdcr_candidate_videos_combined_v1.csv
vdcr_archive_b04_000030,vdcr_archive_b04_000030,Bow Shock,vdcr_concept_0042,vdcr_concept_0042,physics_physical_systems,physics_family_06,internet_archive,https://archive.org/details/operation_ivy,archive_license_verify_on_page,1667.9,,,review,inspect_video,0.0,30.0,"Candidate must show the temporal sequence that instantiates Bow Shock, not merely an object, scene, or static result.",,new_candidate,32,3,3,data/vdcr_candidate_videos_combined_v1.csv
vdcr_archive_b04_000034,vdcr_archive_b04_000034,Film Boiling,vdcr_concept_0057,vdcr_concept_0057,physics_physical_systems,physics_family_08,internet_archive,https://archive.org/details/JoanAvoi1947,http://creativecommons.org/licenses/publicdomain/,625.4,,,review,inspect_video,0.0,30.0,"Candidate must show the temporal sequence that instantiates Film Boiling, not merely an object, scene, or static result.",,new_candidate,32,2,3,data/vdcr_candidate_videos_combined_v1.csv
vdcr_archive_b04_000036,vdcr_archive_b04_000036,Film Boiling,vdcr_concept_0057,vdcr_concept_0057,physics_physical_systems,physics_family_08,internet_archive,https://archive.org/details/ken.-burns.-the.-civil.-war.,archive_license_verify_on_page,3711.4,,,review,inspect_video,0.0,30.0,"Candidate must show the temporal sequence that instantiates Film Boiling, not merely an object, scene, or static result.",,new_candidate,32,3,3,data/vdcr_candidate_videos_combined_v1.csv
vdcr_archive_b07_000002,vdcr_archive_b07_000002,Wall Cloud Rotation,vdcr_concept_0193,vdcr_concept_0193,earth_environmental_systems,earth_family_01,internet_archive,https://archive.org/details/sm4c-urlfest,archive_license_verify_on_page,27533.7,,,review,inspect_video,0.0,30.0,"Candidate must show the temporal sequence that instantiates Wall Cloud Rotation, not merely an object, scene, or static result.",,new_candidate,8,3,3,data/vdcr_candidate_videos_combined_v1.csv
vdcr_archive_b07_000004,vdcr_archive_b07_000004,Cutbank Erosion / Point-Bar Deposition,vdcr_concept_0197,vdcr_concept_0197,earth_environmental_systems,earth_family_02,internet_archive,https://archive.org/details/ZeldaMajorasMask_100p_655,archive_license_verify_on_page,267.9,,,review,inspect_video,0.0,30.0,"Candidate must show the temporal sequence that instantiates Cutbank Erosion / Point-Bar Deposition, not merely an object, scene, or static result.",,new_candidate,7,2,3,data/vdcr_candidate_videos_combined_v1.csv
vdcr_archive_b07_000005,vdcr_archive_b07_000005,River Avulsion,vdcr_concept_0198,vdcr_concept_0198,earth_environmental_systems,earth_family_02,internet_archive,https://archive.org/details/FranklynMonkPodcast61Video,https://creativecommons.org/licenses/by-nc-sa/4.0/,1000.1,,,review,inspect_video,0.0,30.0,"Candidate must show the temporal sequence that instantiates River Avulsion, not merely an object, scene, or static result.",,new_candidate,6,2,3,data/vdcr_candidate_videos_combined_v1.csv
vdcr_archive_b07_000008,vdcr_archive_b07_000008,Internal Wave Propagation,vdcr_concept_0204,vdcr_concept_0204,earth_environmental_systems,earth_family_02,internet_archive,https://archive.org/details/reflectionandrefraction,archive_license_verify_on_page,1032.1,,,review,inspect_video,0.0,30.0,"Candidate must show the temporal sequence that instantiates Internal Wave Propagation, not merely an object, scene, or static result.",,new_candidate,5,2,3,data/vdcr_candidate_videos_combined_v1.csv
vdcr_archive_b07_000009,vdcr_archive_b07_000009,Internal Wave Propagation,vdcr_concept_0204,vdcr_concept_0204,earth_environmental_systems,earth_family_02,internet_archive,https://archive.org/details/UC_Berkeley_FOM_2014_05_02_Walter_Freeman,archive_license_verify_on_page,5500.4,,,review,inspect_video,0.0,30.0,"Candidate must show the temporal sequence that instantiates Internal Wave Propagation, not merely an object, scene, or static result.",,new_candidate,4,3,3,data/vdcr_candidate_videos_combined_v1.csv
vdcr_archive_b07_000010,vdcr_archive_b07_000010,Aa Lava Front Advance,vdcr_concept_0212,vdcr_concept_0212,earth_environmental_systems,earth_family_04,internet_archive,https://archive.org/details/thegrandcanyonchronicles,archive_license_verify_on_page,1409.2,,,review,inspect_video,0.0,30.0,"Candidate must show the temporal sequence that instantiates Aa Lava Front Advance, not merely an object, scene, or static result.",,new_candidate,3,2,3,data/vdcr_candidate_videos_combined_v1.csv
vdcr_archive_b07_000011,vdcr_archive_b07_000011,Aa Lava Front Advance,vdcr_concept_0212,vdcr_concept_0212,earth_environmental_systems,earth_family_04,internet_archive,https://archive.org/details/kidchameleon-timeattackv2-truncated,archive_license_verify_on_page,958.8,,,review,inspect_video,0.0,30.0,"Candidate must show the temporal sequence that instantiates Aa Lava Front Advance, not merely an object, scene, or static result.",,new_candidate,2,3,3,data/vdcr_candidate_videos_combined_v1.csv
vdcr_archive_b07_000015,vdcr_archive_b07_000015,Glacier Surge,vdcr_concept_0221,vdcr_concept_0221,earth_environmental_systems,earth_family_05,internet_archive,https://archive.org/details/PBS-TERRA-Weathered,archive_license_verify_on_page,650.7,,,review,inspect_video,0.0,30.0,"Candidate must show the temporal sequence that instantiates Glacier Surge, not merely an object, scene, or static result.",,new_candidate,1,2,3,data/vdcr_candidate_videos_combined_v1.csv
vdcr_archive_b07_000016,vdcr_archive_b07_000016,Crown Fire Transition,vdcr_concept_0223,vdcr_concept_0223,earth_environmental_systems,earth_family_06,internet_archive,https://archive.org/details/SEVENSEALRISEOFDIVIDEDROMANEMPIREBABYLONANDPERSIAUPDATEDLATEST6IRANDESTROYMpeg2video,archive_license_verify_on_page,5126.1,,,review,inspect_video,0.0,30.0,"Candidate must show the temporal sequence that instantiates Crown Fire Transition, not merely an object, scene, or static result.",,new_candidate,32,2,3,data/vdcr_candidate_videos_combined_v1.csv
vdcr_archive_b07_000017,vdcr_archive_b07_000017,Crown Fire Transition,vdcr_concept_0223,vdcr_concept_0223,earth_environmental_systems,earth_family_06,internet_archive,https://archive.org/details/SEVENSEALRISEOFDIVIDEDROMANEMPIREBABYLONANDPERSIAUPDATEDLATEST6IRANDESTROYMpeg2video_201812,archive_license_verify_on_page,5126.1,,,review,inspect_video,0.0,30.0,"Candidate must show the temporal sequence that instantiates Crown Fire Transition, not merely an object, scene, or static result.",,new_candidate,32,3,3,data/vdcr_candidate_videos_combined_v1.csv
vdcr_archive_b07_000021,vdcr_archive_b07_000021,Spot Fire Propagation,vdcr_concept_0224,vdcr_concept_0224,earth_environmental_systems,earth_family_06,internet_archive,https://archive.org/details/new-coronavirusresearch-2021v-1.5,http://creativecommons.org/publicdomain/mark/1.0/,0.0,,,review,inspect_video,0.0,0.0,"Candidate must show the temporal sequence that instantiates Spot Fire Propagation, not merely an object, scene, or static result.",,new_candidate,32,1,3,data/vdcr_candidate_videos_combined_v1.csv
vdcr_archive_b07_000023,vdcr_archive_b07_000023,Storm Surge Propagation,vdcr_concept_0236,vdcr_concept_0236,earth_environmental_systems,earth_family_08,internet_archive,https://archive.org/details/the-endless-voyage-01-the-water-planet,http://creativecommons.org/publicdomain/mark/1.0/,1604.3,,,review,inspect_video,0.0,30.0,"Candidate must show the temporal sequence that instantiates Storm Surge Propagation, not merely an object, scene, or static result.",,new_candidate,32,1,3,data/vdcr_candidate_videos_combined_v1.csv
vdcr_archive_earth_000012,vdcr_archive_earth_000012,Ice Cliff Calving,vdcr_concept_0218,vdcr_concept_0218,earth_environmental_systems,earth_family_05,internet_archive,https://archive.org/details/frozen-planet-ii,archive_license_verify_on_page,3629.4,,,review,inspect_video,0.0,60.0,Candidate must show ice fracture/detachment and falling into water over time.,,new_candidate,32,2,3,data/vdcr_candidate_videos_combined_v1.csv
vdcr_archive_earth_000015,vdcr_archive_earth_000015,Ice Cliff Calving,vdcr_concept_0218,vdcr_concept_0218,earth_environmental_systems,earth_family_05,internet_archive,https://archive.org/details/deadly-mantis-1957-colorized,archive_license_verify_on_page,4716.3,,,review,inspect_video,0.0,60.0,Candidate must show ice fracture/detachment and falling into water over time.,,new_candidate,32,3,3,data/vdcr_candidate_videos_combined_v1.csv
vdcr_archive_earth_000021,vdcr_archive_earth_000021,Dune Slip-Face Avalanche,vdcr_concept_0231,vdcr_concept_0231,earth_environmental_systems,earth_family_07,internet_archive,https://archive.org/details/youtube-78-YFytlyEU,archive_license_verify_on_page,454.5,,,review,inspect_video,0.0,60.0,Candidate must show granular sand sliding down a dune slip face over time.,,new_candidate,32,1,3,data/vdcr_candidate_videos_combined_v1.csv
vdcr_archive_earth_000037,vdcr_archive_earth_000037,Gust Front Propagation,vdcr_concept_0194,vdcr_concept_0194,earth_environmental_systems,earth_family_01,internet_archive,https://archive.org/details/thehorrorofitallreel2,archive_license_verify_on_page,1767.6,,,review,inspect_video,0.0,60.0,Candidate must show a gust front or shelf-cloud boundary advancing over time.,,new_candidate,32,2,3,data/vdcr_candidate_videos_combined_v1.csv
vdcr_archive_earth_000038,vdcr_archive_earth_000038,Gust Front Propagation,vdcr_concept_0194,vdcr_concept_0194,earth_environmental_systems,earth_family_01,internet_archive,https://archive.org/details/0707_Atomic_Bomb_Blast_Effects,archive_license_verify_on_page,510.9,,,review,inspect_video,0.0,60.0,Candidate must show a gust front or shelf-cloud boundary advancing over time.,,new_candidate,32,3,3,data/vdcr_candidate_videos_combined_v1.csv
vdcr_archive_b07_000026,vdcr_archive_b07_000026,Wave Refraction,vdcr_concept_0238,vdcr_concept_0238,earth_environmental_systems,earth_family_08,internet_archive,https://archive.org/details/MIT8.03SCF16,http://creativecommons.org/licenses/by-nc-sa/3.0/,77.3,,,review,inspect_video,0.0,30.0,"Candidate must show the temporal sequence that instantiates Wave Refraction, not merely an object, scene, or static result.",,new_candidate,32,2,3,data/vdcr_candidate_videos_combined_v1.csv
vdcr_archive_b08_000001,vdcr_archive_b08_000001,Magnetic Reconnection,vdcr_concept_0047,vdcr_concept_0047,physics_physical_systems,physics_family_07,internet_archive,https://archive.org/details/CIL-10110,archive_license_verify_on_page,44.3,,,review,inspect_video,0.0,30.0,"Candidate must show the temporal sequence that instantiates Magnetic Reconnection, not merely an object, scene, or static result.",,new_candidate,32,3,3,data/vdcr_candidate_videos_combined_v1.csv
vdcr_archive_b08_000007,vdcr_archive_b08_000007,Solar Prominence Eruption,vdcr_concept_0052,vdcr_concept_0052,physics_physical_systems,physics_family_07,internet_archive,https://archive.org/details/youtube-XVINKRi-eUo,archive_license_verify_on_page,53.9,,,review,inspect_video,0.0,30.0,"Candidate must show the temporal sequence that instantiates Solar Prominence Eruption, not merely an object, scene, or static result.",,new_candidate,32,2,3,data/vdcr_candidate_videos_combined_v1.csv
vdcr_archive_b08_000011,vdcr_archive_b08_000011,Coronal Mass Ejection,vdcr_concept_0053,vdcr_concept_0053,physics_physical_systems,physics_family_07,internet_archive,https://archive.org/details/CIL-10076,archive_license_verify_on_page,27.7,,,review,inspect_video,0.0,27.7,"Candidate must show the temporal sequence that instantiates Coronal Mass Ejection, not merely an object, scene, or static result.",,new_candidate,32,2,3,data/vdcr_candidate_videos_combined_v1.csv
vdcr_archive_b08_000019,vdcr_archive_b08_000019,Glacier Creep,vdcr_concept_0215,vdcr_concept_0215,earth_environmental_systems,earth_family_05,internet_archive,https://archive.org/details/tributeskyking_202204,archive_license_verify_on_page,116.7,,,review,inspect_video,0.0,30.0,"Candidate must show the temporal sequence that instantiates Glacier Creep, not merely an object, scene, or static result.",,new_candidate,32,1,3,data/vdcr_candidate_videos_combined_v1.csv
vdcr_archive_b07_000007,vdcr_archive_b07_000007,Longshore Drift,vdcr_concept_0203,vdcr_concept_0203,earth_environmental_systems,earth_family_02,internet_archive,https://archive.org/details/papua-new-guinea-tidal-wave-tragedy-situation-update-360p,http://creativecommons.org/publicdomain/mark/1.0/,193.0,,,review,inspect_video,0.0,30.0,"Candidate must show the temporal sequence that instantiates Longshore Drift, not merely an object, scene, or static result.",,new_candidate,32,1,3,data/vdcr_candidate_videos_combined_v1.csv
vdcr_archive_b07_000025,vdcr_archive_b07_000025,Wave Refraction,vdcr_concept_0238,vdcr_concept_0238,earth_environmental_systems,earth_family_08,internet_archive,https://archive.org/details/MIT8.03F04,http://creativecommons.org/licenses/by-nc-sa/3.0/us/,459.0,,,review,inspect_video,0.0,30.0,"Candidate must show the temporal sequence that instantiates Wave Refraction, not merely an object, scene, or static result.",,new_candidate,32,3,3,data/vdcr_candidate_videos_combined_v1.csv
vdcr_archive_b08_000008,vdcr_archive_b08_000008,Coronal Mass Ejection,vdcr_concept_0053,vdcr_concept_0053,physics_physical_systems,physics_family_07,internet_archive,https://archive.org/details/NasaConnect-DancingInTheNightSky,archive_license_verify_on_page,1710.1,,,review,inspect_video,0.0,30.0,"Candidate must show the temporal sequence that instantiates Coronal Mass Ejection, not merely an object, scene, or static result.",,new_candidate,32,3,3,data/vdcr_candidate_videos_combined_v1.csv
vdcr_archive_b08_000020,vdcr_archive_b08_000020,Glacier Creep,vdcr_concept_0215,vdcr_concept_0215,earth_environmental_systems,earth_family_05,internet_archive,https://archive.org/details/45984-castle-films-glacier-national-park_202103,archive_license_verify_on_page,585.0,,,review,inspect_video,0.0,30.0,"Candidate must show the temporal sequence that instantiates Glacier Creep, not merely an object, scene, or static result.",,new_candidate,32,2,3,data/vdcr_candidate_videos_combined_v1.csv
vdcr_archive_b08_000021,vdcr_archive_b08_000021,Sea-Cliff Retreat,vdcr_concept_0239,vdcr_concept_0239,earth_environmental_systems,earth_family_08,internet_archive,https://archive.org/details/planet_earth_2_bbc,archive_license_verify_on_page,3669.8,,,review,inspect_video,0.0,30.0,"Candidate must show the temporal sequence that instantiates Sea-Cliff Retreat, not merely an object, scene, or static result.",,new_candidate,32,1,3,data/vdcr_candidate_videos_combined_v1.csv
vdcr_archive_b08_000022,vdcr_archive_b08_000022,Sea-Cliff Retreat,vdcr_concept_0239,vdcr_concept_0239,earth_environmental_systems,earth_family_08,internet_archive,https://archive.org/details/america13themoreabundantlifereel2,archive_license_verify_on_page,1433.8,,,review,inspect_video,0.0,30.0,"Candidate must show the temporal sequence that instantiates Sea-Cliff Retreat, not merely an object, scene, or static result.",,new_candidate,32,2,3,data/vdcr_candidate_videos_combined_v1.csv
vdcr_archive_b08_000023,vdcr_archive_b08_000023,Sea-Cliff Retreat,vdcr_concept_0239,vdcr_concept_0239,earth_environmental_systems,earth_family_08,internet_archive,https://archive.org/details/gullivers-travels-1939,http://creativecommons.org/publicdomain/mark/1.0/,4581.2,,,review,inspect_video,0.0,30.0,"Candidate must show the temporal sequence that instantiates Sea-Cliff Retreat, not merely an object, scene, or static result.",,new_candidate,32,3,3,data/vdcr_candidate_videos_combined_v1.csv
vdcr_archive_b03_000021,vdcr_archive_b03_000021,Phototropism,vdcr_concept_0143,vdcr_concept_0143,biology_living_systems,biology_family_04,internet_archive,https://archive.org/details/youtube-iIhEhlRv9H4,archive_license_verify_on_page,59.2,,,review,inspect_video,0.0,30.0,"Candidate must show the temporal sequence that instantiates Phototropism, not merely an object, scene, or static result.",revise,new_candidate,31,2,3,data/vdcr_candidate_videos_combined_v1.csv
vdcr_archive_b02_000009,vdcr_archive_b02_000009,Belousov-Zhabotinsky Reaction,vdcr_concept_0073,vdcr_concept_0073,chemistry_materials_change,materials_family_03,internet_archive,https://archive.org/details/youtube-4rYX4ROqRlg,archive_license_verify_on_page,60.0,,,review,inspect_video,0.0,30.0,"Candidate must show the temporal sequence that instantiates Belousov-Zhabotinsky Reaction, not merely an object, scene, or static result.",review,new_candidate,31,2,3,data/vdcr_candidate_videos_combined_v1.csv
vdcr_archive_b02_000048,vdcr_archive_b02_000048,Murmuration,vdcr_concept_0114,vdcr_concept_0114,biology_living_systems,biology_family_01,internet_archive,https://archive.org/details/dscn-3699,https://creativecommons.org/publicdomain/mark/1.0/,17.1,,,review,inspect_video,0.0,17.1,"Candidate must show the temporal sequence that instantiates Murmuration, not merely an object, scene, or static result.",review,new_candidate,30,2,3,data/vdcr_candidate_videos_combined_v1.csv
vdcr_archive_b02_000078,vdcr_archive_b02_000078,Rabona,,rabona,biology_living_systems,biology_family_03,internet_archive,https://archive.org/details/acidplanet-audio-01101032,archive_license_verify_on_page,3.0,,,review,inspect_video,0.0,3.0,"Candidate must show the temporal sequence that instantiates Rabona, not merely an object, scene, or static result.",review,new_candidate,29,1,3,data/vdcr_candidate_videos_combined_v1.csv
vdcr_archive_b03_000025,vdcr_archive_b03_000025,Thigmonasty,vdcr_concept_0146,vdcr_concept_0146,biology_living_systems,biology_family_04,internet_archive,https://archive.org/details/wikimedia-org-Mimosa_pudica_leaves_folding_when_touched_1,archive_license_verify_on_page,36.1,,,review,inspect_video,0.0,30.0,"Candidate must show the temporal sequence that instantiates Thigmonasty, not merely an object, scene, or static result.",review,new_candidate,28,2,3,data/vdcr_candidate_videos_combined_v1.csv
vdcr_archive_b03_000026,vdcr_archive_b03_000026,Thigmonasty,vdcr_concept_0146,vdcr_concept_0146,biology_living_systems,biology_family_04,internet_archive,https://archive.org/details/wikimedia-org-Mimosa_pudica_leaves_folding_when_touched_2,archive_license_verify_on_page,21.1,,,review,inspect_video,0.0,21.1,"Candidate must show the temporal sequence that instantiates Thigmonasty, not merely an object, scene, or static result.",review,new_candidate,27,3,3,data/vdcr_candidate_videos_combined_v1.csv
vdcr_commons_mr7_000001,vdcr_commons_mr7_000001,Ciliary Beating,vdcr_concept_0158,vdcr_concept_0158,biology_living_systems,biology_family_05,wikimedia_commons,https://commons.wikimedia.org/wiki/File:The-Behaviour-of-Both-Listeria-monocytogenes-and-Rat-Ciliated-Ependymal-Cells-Is-Altered-during-pone.0010450.s001.ogv,CC-BY-2.5 Commons/PLOS supplementary movie,13.0,,,review,inspect_video,0.0,13.0,"Candidate must show rhythmic ciliary strokes over time, not just a cell edge or static cilia morphology.",review,new_candidate,26,1,3,data/vdcr_candidate_videos_combined_v1.csv
vdcr_archive_b03_000038,vdcr_archive_b03_000038,Gastrulation,vdcr_concept_0175,vdcr_concept_0175,biology_living_systems,biology_family_08,internet_archive,https://archive.org/details/af-amphibian-embryo-frog-toad-and-salamander,archive_license_verify_on_page,950.0,,,review,inspect_video,0.0,30.0,"Candidate must show the temporal sequence that instantiates Gastrulation, not merely an object, scene, or static result.",review,new_candidate,25,1,3,data/vdcr_candidate_videos_combined_v1.csv
vdcr_commons_mr4_000001,vdcr_commons_mr4_000001,Ciliary Beating,vdcr_concept_0158,vdcr_concept_0158,biology_living_systems,biology_family_05,wikimedia_commons,https://commons.wikimedia.org/wiki/File:Vorticella_vortex_DSC_1703.webm,Commons page/license review needed,0.0,,,review,inspect_video,0.0,0.0,"Candidate must show rhythmic coordinated ciliary beating or cilia-driven flow, not merely a microorganism in view.",review,new_candidate,24,2,3,data/vdcr_candidate_videos_combined_v1.csv
vdcr_archive_b05_000007,vdcr_archive_b05_000007,Diffusion Flame,vdcr_concept_0090,vdcr_concept_0090,chemistry_materials_change,materials_family_07,internet_archive,https://archive.org/details/MSFC-0300183,archive_license_verify_on_page,21.0,,,review,inspect_video,0.0,21.0,"Candidate must show the temporal sequence that instantiates Diffusion Flame, not merely an object, scene, or static result.",review,new_candidate,30,2,3,data/vdcr_candidate_videos_combined_v1.csv
vdcr_commons_mr20_000005,vdcr_commons_mr20_000005,Slime Mold Aggregation,vdcr_concept_0189,vdcr_concept_0189,biology_living_systems,biology_family_10,Wikimedia Commons,https://commons.wikimedia.org/wiki/File:Timelapse_of_Slime_Mould.webm,Commons license verify on page,64.0,,,review,inspect_video,0,64.0,Requires seeing slime-mold mass aggregate or reorganize through time rather than recognizing a static slime mold.,review,new_candidate,23,1,3,data/vdcr_candidate_videos_combined_v1.csv
vdcr_archive_b05_000001,vdcr_archive_b05_000001,Reaction-Diffusion Wave,vdcr_concept_0079,vdcr_concept_0079,chemistry_materials_change,materials_family_04,internet_archive,https://archive.org/details/ClaudiusMaximus_-_rdex_2010-05-22,http://creativecommons.org/licenses/by/3.0/,900.0,,,review,inspect_video,0.0,30.0,"Candidate must show the temporal sequence that instantiates Reaction-Diffusion Wave, not merely an object, scene, or static result.",review,new_candidate,29,2,3,data/vdcr_candidate_videos_combined_v1.csv
curated_002001,curated_002001,Iodine Clock Reaction,vdcr_concept_0070,vdcr_concept_0070,chemistry_materials_change,materials_family_03,wikimedia_commons,https://commons.wikimedia.org/wiki/File:Iodine_Clock_Reaction.ogv,wikimedia_commons_license_verify_on_page,126.0,media/vdcr_curated_chemistry_v2/curated_002001.ogv,reports/vdcr_v2_curated_chemistry_sparse_sheets/curated_002001_sparse.jpg,review,inspect_video,0.0,30.0,"Candidate should show the delayed rapid color change of an iodine clock reaction, not merely a static flask or explanatory setup.",,new_candidate,28,2,3,data/vdcr_candidate_videos_curated_chemistry_v2.csv
curated_002003,curated_002003,Chemical Garden Growth,vdcr_concept_0076,vdcr_concept_0076,chemistry_materials_change,materials_family_04,wikimedia_commons,https://commons.wikimedia.org/wiki/File:Growth_of_a_chemical_garden.ogv,wikimedia_commons_license_verify_on_page,32.0,media/vdcr_curated_chemistry_v2/curated_002003.ogv,reports/vdcr_v2_curated_chemistry_sparse_sheets/curated_002003_sparse.jpg,review,inspect_video,0.0,32.0,"Candidate should show mineral tube growth over time in a chemical garden, not merely the final grown structure.",,new_candidate,27,2,3,data/vdcr_candidate_videos_curated_chemistry_v2.csv
curated_002006,curated_002006,Briggs-Rauscher Reaction,vdcr_concept_0074,vdcr_concept_0074,chemistry_materials_change,materials_family_03,wikimedia_commons,https://commons.wikimedia.org/wiki/File:Briggs%E2%80%93Rauscher_reaction.webm,CC BY-SA 4.0 verify_on_page,32.0,media/vdcr_curated_chemistry_v2/curated_002006.webm,reports/vdcr_v2_curated_chemistry_sparse_sheets/curated_002006_sparse.jpg,review,inspect_video,0.0,32.0,"Candidate should show oscillating color changes characteristic of the Briggs-Rauscher reaction, not merely a static reaction vessel.",,new_candidate,26,2,3,data/vdcr_candidate_videos_curated_chemistry_v2.csv
curated_003002,curated_003002,Phototropism,vdcr_concept_0143,vdcr_concept_0143,biology_living_systems,biology_family_04,wikimedia_commons,https://commons.wikimedia.org/wiki/File:Azuki_Bean_phototropism.ogv,public_domain_verify_on_page,34.0,media/vdcr_curated_expansion_v2/curated_003002.ogv,reports/vdcr_v2_curated_expansion_sparse_sheets/curated_003002_sparse.jpg,review,inspect_video,0.0,34.0,"Candidate should show plant bending/growth direction change in response to light over time, not merely a static plant orientation.",,new_candidate,22,3,3,data/vdcr_candidate_videos_curated_expansion_v2.csv
vdcr_archive_b02_000043,vdcr_archive_b02_000043,Murmuration,vdcr_concept_0114,vdcr_concept_0114,biology_living_systems,biology_family_01,internet_archive,https://archive.org/details/IngvarBogdahnswarmofbirdsoverRomeat5,http://creativecommons.org/licenses/by-nc-sa/2.5/,82.9,,,review,inspect_video,0.0,30.0,"Candidate must show the temporal sequence that instantiates Murmuration, not merely an object, scene, or static result.",,new_candidate,21,3,3,data/vdcr_candidate_videos_combined_v1.csv
vdcr_archive_b03_000034,vdcr_archive_b03_000034,Exocytosis,vdcr_concept_0163,vdcr_concept_0163,biology_living_systems,biology_family_06,internet_archive,https://archive.org/details/yt_YAp1zKMH5BE,archive_license_verify_on_page,7.0,,,review,inspect_video,0.0,7.0,"Candidate must show the temporal sequence that instantiates Exocytosis, not merely an object, scene, or static result.",,new_candidate,20,2,3,data/vdcr_candidate_videos_combined_v1.csv
curated_002002,curated_002002,Iodine Clock Reaction,vdcr_concept_0070,vdcr_concept_0070,chemistry_materials_change,materials_family_03,wikimedia_commons,https://commons.wikimedia.org/wiki/File:Iodine_clock_-_persulphate.ogv,CC BY-SA 3.0 verify_on_page,0.0,media/vdcr_curated_chemistry_v2/curated_002002.ogv,reports/vdcr_v2_curated_chemistry_sparse_sheets/curated_002002_sparse.jpg,review,inspect_video,0.0,30.0,"Candidate should show the delayed rapid color change of an iodine clock reaction, not merely a static flask or explanatory setup.",,new_candidate,25,3,3,data/vdcr_candidate_videos_curated_chemistry_v2.csv
vdcr_archive_b02_000008,vdcr_archive_b02_000008,Belousov-Zhabotinsky Reaction,vdcr_concept_0073,vdcr_concept_0073,chemistry_materials_change,materials_family_03,internet_archive,https://archive.org/details/youtube-kw9wF-GNjqs,archive_license_verify_on_page,589.5,,,review,inspect_video,0.0,30.0,"Candidate must show the temporal sequence that instantiates Belousov-Zhabotinsky Reaction, not merely an object, scene, or static result.",,new_candidate,24,3,3,data/vdcr_candidate_videos_combined_v1.csv
vdcr_archive_b02_000011,vdcr_archive_b02_000011,Chemical Garden Growth,vdcr_concept_0076,vdcr_concept_0076,chemistry_materials_change,materials_family_04,internet_archive,https://archive.org/details/scm-410032-c4iforjune3kevinannettstewand,http://creativecommons.org/licenses/by-sa/4.0/,3499.0,,,review,inspect_video,0.0,30.0,"Candidate must show the temporal sequence that instantiates Chemical Garden Growth, not merely an object, scene, or static result.",,new_candidate,23,3,3,data/vdcr_candidate_videos_combined_v1.csv
vdcr_archive_b02_000015,vdcr_archive_b02_000015,Spinodal Decomposition,vdcr_concept_0083,vdcr_concept_0083,chemistry_materials_change,materials_family_06,internet_archive,https://archive.org/details/mit2_43s24,https://creativecommons.org/licenses/by-nc-sa/4.0/,4796.1,,,review,inspect_video,0.0,30.0,"Candidate must show the temporal sequence that instantiates Spinodal Decomposition, not merely an object, scene, or static result.",,new_candidate,22,2,3,data/vdcr_candidate_videos_combined_v1.csv
vdcr_archive_b02_000036,vdcr_archive_b02_000036,Bubble-Net Feeding,vdcr_concept_0112,vdcr_concept_0112,biology_living_systems,biology_family_01,internet_archive,https://archive.org/details/interspeciesio-U_HUiC1dP00,archive_license_verify_on_page,3084.0,,,review,inspect_video,0.0,30.0,"Candidate must show the temporal sequence that instantiates Bubble-Net Feeding, not merely an object, scene, or static result.",,new_candidate,19,2,3,data/vdcr_candidate_videos_combined_v1.csv
vdcr_archive_b02_000037,vdcr_archive_b02_000037,Bubble-Net Feeding,vdcr_concept_0112,vdcr_concept_0112,biology_living_systems,biology_family_01,internet_archive,https://archive.org/details/44-amazing-animals-animal-helpers_202507,archive_license_verify_on_page,1518.2,,,review,inspect_video,0.0,30.0,"Candidate must show the temporal sequence that instantiates Bubble-Net Feeding, not merely an object, scene, or static result.",,new_candidate,18,3,3,data/vdcr_candidate_videos_combined_v1.csv
vdcr_archive_b02_000041,vdcr_archive_b02_000041,Mud-Ring Feeding,vdcr_concept_0113,vdcr_concept_0113,biology_living_systems,biology_family_01,internet_archive,https://archive.org/details/thelivingplanetaportraitoftheearth8sweetfreshater,archive_license_verify_on_page,1712.2,,,review,inspect_video,0.0,30.0,"Candidate must show the temporal sequence that instantiates Mud-Ring Feeding, not merely an object, scene, or static result.",,new_candidate,17,1,3,data/vdcr_candidate_videos_combined_v1.csv
vdcr_archive_b02_000042,vdcr_archive_b02_000042,Mud-Ring Feeding,vdcr_concept_0113,vdcr_concept_0113,biology_living_systems,biology_family_01,internet_archive,https://archive.org/details/frozen-planet,archive_license_verify_on_page,1272.3,,,review,inspect_video,0.0,30.0,"Candidate must show the temporal sequence that instantiates Mud-Ring Feeding, not merely an object, scene, or static result.",,new_candidate,16,2,3,data/vdcr_candidate_videos_combined_v1.csv
vdcr_archive_b02_000076,vdcr_archive_b02_000076,Rabona,,rabona,biology_living_systems,biology_family_03,internet_archive,https://archive.org/details/archiveteam_videobot_twitter_com_799114868154470400,archive_license_verify_on_page,524.7,,,review,inspect_video,0.0,30.0,"Candidate must show the temporal sequence that instantiates Rabona, not merely an object, scene, or static result.",,new_candidate,15,2,3,data/vdcr_candidate_videos_combined_v1.csv
vdcr_archive_b02_000077,vdcr_archive_b02_000077,Rabona,,rabona,biology_living_systems,biology_family_03,internet_archive,https://archive.org/details/IRINN_20250325_140000,archive_license_verify_on_page,1860.0,,,review,inspect_video,0.0,30.0,"Candidate must show the temporal sequence that instantiates Rabona, not merely an object, scene, or static result.",,new_candidate,14,3,3,data/vdcr_candidate_videos_combined_v1.csv
vdcr_archive_b03_000029,vdcr_archive_b03_000029,Endocytosis,vdcr_concept_0162,vdcr_concept_0162,biology_living_systems,biology_family_06,internet_archive,https://archive.org/details/youtube-bApadjmakKc,archive_license_verify_on_page,3048.2,,,review,inspect_video,0.0,30.0,"Candidate must show the temporal sequence that instantiates Endocytosis, not merely an object, scene, or static result.",,new_candidate,13,2,3,data/vdcr_candidate_videos_combined_v1.csv
vdcr_archive_b03_000031,vdcr_archive_b03_000031,Endocytosis,vdcr_concept_0162,vdcr_concept_0162,biology_living_systems,biology_family_06,internet_archive,https://archive.org/details/youtube-UfiXi9iaLc8,archive_license_verify_on_page,3575.3,,,review,inspect_video,0.0,30.0,"Candidate must show the temporal sequence that instantiates Endocytosis, not merely an object, scene, or static result.",,new_candidate,12,3,3,data/vdcr_candidate_videos_combined_v1.csv
vdcr_archive_b03_000036,vdcr_archive_b03_000036,Exocytosis,vdcr_concept_0163,vdcr_concept_0163,biology_living_systems,biology_family_06,internet_archive,https://archive.org/details/youtube-9IeiqH4LeG0,https://creativecommons.org/licenses/by/3.0/,2935.2,,,review,inspect_video,0.0,30.0,"Candidate must show the temporal sequence that instantiates Exocytosis, not merely an object, scene, or static result.",,new_candidate,11,3,3,data/vdcr_candidate_videos_combined_v1.csv
vdcr_archive_b03_000037,vdcr_archive_b03_000037,Gastrulation,vdcr_concept_0175,vdcr_concept_0175,biology_living_systems,biology_family_08,internet_archive,https://archive.org/details/4BghbtKzzpLnyd6loTFPlgJRbe0MUQ,archive_license_verify_on_page,839.6,,,review,inspect_video,0.0,30.0,"Candidate must show the temporal sequence that instantiates Gastrulation, not merely an object, scene, or static result.",,new_candidate,10,2,3,data/vdcr_candidate_videos_combined_v1.csv
vdcr_archive_b03_000039,vdcr_archive_b03_000039,Gastrulation,vdcr_concept_0175,vdcr_concept_0175,biology_living_systems,biology_family_08,internet_archive,https://archive.org/details/youtube-H2-_WEGtDPs,archive_license_verify_on_page,666.5,,,review,inspect_video,0.0,30.0,"Candidate must show the temporal sequence that instantiates Gastrulation, not merely an object, scene, or static result.",,new_candidate,9,3,3,data/vdcr_candidate_videos_combined_v1.csv
vdcr_archive_b03_000040,vdcr_archive_b03_000040,Bacterial Chemotaxis,vdcr_concept_0185,vdcr_concept_0185,biology_living_systems,biology_family_10,internet_archive,https://archive.org/details/academictorrents_98961a881e8fd4139f4d1e09f0b7a4badfab7c9d,archive_license_verify_on_page,4039.1,,,review,inspect_video,0.0,30.0,"Candidate must show the temporal sequence that instantiates Bacterial Chemotaxis, not merely an object, scene, or static result.",,new_candidate,8,1,3,data/vdcr_candidate_videos_combined_v1.csv
vdcr_archive_b03_000041,vdcr_archive_b03_000041,Bacterial Chemotaxis,vdcr_concept_0185,vdcr_concept_0185,biology_living_systems,biology_family_10,internet_archive,https://archive.org/details/idcreationismandbacterialchemotaxis,archive_license_verify_on_page,466.8,,,review,inspect_video,0.0,30.0,"Candidate must show the temporal sequence that instantiates Bacterial Chemotaxis, not merely an object, scene, or static result.",,new_candidate,7,2,3,data/vdcr_candidate_videos_combined_v1.csv
vdcr_archive_b03_000042,vdcr_archive_b03_000042,Bacterial Chemotaxis,vdcr_concept_0185,vdcr_concept_0185,biology_living_systems,biology_family_10,internet_archive,https://archive.org/details/dtns20240418,https://creativecommons.org/licenses/by-nd/4.0/,1717.8,,,review,inspect_video,0.0,30.0,"Candidate must show the temporal sequence that instantiates Bacterial Chemotaxis, not merely an object, scene, or static result.",,new_candidate,6,3,3,data/vdcr_candidate_videos_combined_v1.csv
curated_002004,curated_002004,Blue Bottle Reaction,vdcr_concept_0071,vdcr_concept_0071,chemistry_materials_change,materials_family_03,wikimedia_commons,https://commons.wikimedia.org/wiki/File:Blue-bottle_reaction_(Oscillating_reaction).webm,wikimedia_commons_license_verify_on_page,152.0,media/vdcr_curated_chemistry_v2/curated_002004.webm,reports/vdcr_v2_curated_chemistry_sparse_sheets/curated_002004_sparse.jpg,review,inspect_video,0.0,45.0,"Candidate should show repeated blue/colorless redox cycling in the blue bottle reaction, not merely a static colored solution.",,new_candidate,21,2,3,data/vdcr_candidate_videos_curated_chemistry_v2.csv
curated_002005,curated_002005,Blue Bottle Reaction,vdcr_concept_0071,vdcr_concept_0071,chemistry_materials_change,materials_family_03,wikimedia_commons,https://commons.wikimedia.org/wiki/File:Pattern_Formation_from_Blue_Bottle_Experiment_in_Ice_Water_Bath.webm,CC BY-SA 4.0 verify_on_page,22.0,media/vdcr_curated_chemistry_v2/curated_002005.webm,reports/vdcr_v2_curated_chemistry_sparse_sheets/curated_002005_sparse.jpg,review,inspect_video,0.0,22.0,"Candidate should show visible pattern or color evolution from the blue bottle experiment over time, not merely a static color pattern.",,new_candidate,20,3,3,data/vdcr_candidate_videos_curated_chemistry_v2.csv
curated_003001,curated_003001,Tendril Circumnutation,vdcr_concept_0149,vdcr_concept_0149,biology_living_systems,biology_family_04,wikimedia_commons,https://commons.wikimedia.org/wiki/File:Cucumber_Climb.webm,CC BY 3.0 verify_on_page,17.0,media/vdcr_curated_expansion_v2/curated_003001.webm,reports/vdcr_v2_curated_expansion_sparse_sheets/curated_003001_sparse.jpg,review,inspect_video,0.0,17.0,"Candidate should show a cucumber tendril moving/searching for support over time, not merely a static vine or plant image.",,new_candidate,5,1,3,data/vdcr_candidate_videos_curated_expansion_v2.csv
vdcr_archive_b05_000013,vdcr_archive_b05_000013,Oscillating Flame,vdcr_concept_0095,vdcr_concept_0095,chemistry_materials_change,materials_family_07,internet_archive,https://archive.org/details/DonkeyKong64_101p_902,archive_license_verify_on_page,111.9,,,review,inspect_video,0.0,30.0,"Candidate must show the temporal sequence that instantiates Oscillating Flame, not merely an object, scene, or static result.",,new_candidate,19,1,3,data/vdcr_candidate_videos_combined_v1.csv
vdcr_archive_b06_000040,vdcr_archive_b06_000040,Phagocytosis,vdcr_concept_0164,vdcr_concept_0164,biology_living_systems,biology_family_06,internet_archive,https://archive.org/details/biorxiv-10.1101-003616,archive_license_verify_on_page,23.6,,,review,inspect_video,0.0,23.6,"Candidate must show the temporal sequence that instantiates Phagocytosis, not merely an object, scene, or static result.",,new_candidate,4,2,3,data/vdcr_candidate_videos_combined_v1.csv
vdcr_archive_b06_000042,vdcr_archive_b06_000042,Actin Wave,vdcr_concept_0169,vdcr_concept_0169,biology_living_systems,biology_family_07,internet_archive,https://archive.org/details/m-4-h-00393,http://creativecommons.org/publicdomain/mark/1.0/,22.9,,,review,inspect_video,0.0,22.9,"Candidate must show the temporal sequence that instantiates Actin Wave, not merely an object, scene, or static result.",,new_candidate,3,2,3,data/vdcr_candidate_videos_combined_v1.csv
vdcr_archive_b06_000043,vdcr_archive_b06_000043,Cleavage,vdcr_concept_0174,vdcr_concept_0174,biology_living_systems,biology_family_08,internet_archive,https://archive.org/details/2019-nCoV,archive_license_verify_on_page,5.1,,,review,inspect_video,0.0,5.1,"Candidate must show the temporal sequence that instantiates Cleavage, not merely an object, scene, or static result.",,new_candidate,2,1,3,data/vdcr_candidate_videos_combined_v1.csv
vdcr_archive_b06_000049,vdcr_archive_b06_000049,Root Hair Tip Growth,vdcr_concept_0183,vdcr_concept_0183,biology_living_systems,biology_family_09,internet_archive,https://archive.org/details/hair-serum-video,archive_license_verify_on_page,44.7,,,review,inspect_video,0.0,30.0,"Candidate must show the temporal sequence that instantiates Root Hair Tip Growth, not merely an object, scene, or static result.",,new_candidate,1,2,3,data/vdcr_candidate_videos_combined_v1.csv
vdcr_archive_b02_000031,vdcr_archive_b02_000031,Jet Propulsion Swimming,vdcr_concept_0109,vdcr_concept_0109,biology_living_systems,biology_family_01,internet_archive,https://archive.org/details/nightofthesquidreel1,archive_license_verify_on_page,1463.2,,,review,inspect_video,0.0,30.0,"Candidate must show the temporal sequence that instantiates Jet Propulsion Swimming, not merely an object, scene, or static result.",,new_candidate,31,1,3,data/vdcr_candidate_videos_combined_v1.csv
vdcr_archive_b02_000033,vdcr_archive_b02_000033,Jet Propulsion Swimming,vdcr_concept_0109,vdcr_concept_0109,biology_living_systems,biology_family_01,internet_archive,https://archive.org/details/backyard-animals_20251123,archive_license_verify_on_page,1461.0,,,review,inspect_video,0.0,30.0,"Candidate must show the temporal sequence that instantiates Jet Propulsion Swimming, not merely an object, scene, or static result.",,new_candidate,31,2,3,data/vdcr_candidate_videos_combined_v1.csv
vdcr_archive_b02_000034,vdcr_archive_b02_000034,Jet Propulsion Swimming,vdcr_concept_0109,vdcr_concept_0109,biology_living_systems,biology_family_01,internet_archive,https://archive.org/details/animal-acrobats_202511,archive_license_verify_on_page,1498.7,,,review,inspect_video,0.0,30.0,"Candidate must show the temporal sequence that instantiates Jet Propulsion Swimming, not merely an object, scene, or static result.",,new_candidate,31,3,3,data/vdcr_candidate_videos_combined_v1.csv
vdcr_archive_b04_000045,vdcr_archive_b04_000045,Chemical Traffic Light Reaction,vdcr_concept_0072,vdcr_concept_0072,chemistry_materials_change,materials_family_03,internet_archive,https://archive.org/details/thosewonderfuldogs,archive_license_verify_on_page,1692.2,,,review,inspect_video,0.0,30.0,"Candidate must show the temporal sequence that instantiates Chemical Traffic Light Reaction, not merely an object, scene, or static result.",,new_candidate,18,2,3,data/vdcr_candidate_videos_combined_v1.csv
vdcr_archive_b05_000003,vdcr_archive_b05_000003,Coffee-Ring Formation,vdcr_concept_0081,vdcr_concept_0081,chemistry_materials_change,materials_family_05,internet_archive,https://archive.org/details/lifeinaweaverbirdcoloythevillageweaverbird,archive_license_verify_on_page,1164.0,,,review,inspect_video,0.0,30.0,"Candidate must show the temporal sequence that instantiates Coffee-Ring Formation, not merely an object, scene, or static result.",,new_candidate,17,1,3,data/vdcr_candidate_videos_combined_v1.csv
vdcr_archive_b05_000004,vdcr_archive_b05_000004,Flame Front Propagation,vdcr_concept_0089,vdcr_concept_0089,chemistry_materials_change,materials_family_07,internet_archive,https://archive.org/details/e_history_StreamRoot_DH_0325_19610804_01,archive_license_verify_on_page,516.0,,,review,inspect_video,0.0,30.0,"Candidate must show the temporal sequence that instantiates Flame Front Propagation, not merely an object, scene, or static result.",,new_candidate,16,1,3,data/vdcr_candidate_videos_combined_v1.csv
vdcr_archive_b05_000005,vdcr_archive_b05_000005,Diffusion Flame,vdcr_concept_0090,vdcr_concept_0090,chemistry_materials_change,materials_family_07,internet_archive,https://archive.org/details/excretorysystemsinanimals,archive_license_verify_on_page,961.5,,,review,inspect_video,0.0,30.0,"Candidate must show the temporal sequence that instantiates Diffusion Flame, not merely an object, scene, or static result.",,new_candidate,15,3,3,data/vdcr_candidate_videos_combined_v1.csv
vdcr_archive_b05_000009,vdcr_archive_b05_000009,Flame Flashback,vdcr_concept_0093,vdcr_concept_0093,chemistry_materials_change,materials_family_07,internet_archive,https://archive.org/details/Dragon_Quest_4_PS1-Red_Scarlet,archive_license_verify_on_page,4228.5,,,review,inspect_video,0.0,30.0,"Candidate must show the temporal sequence that instantiates Flame Flashback, not merely an object, scene, or static result.",,new_candidate,14,1,3,data/vdcr_candidate_videos_combined_v1.csv
vdcr_archive_b05_000010,vdcr_archive_b05_000010,Flame Flashback,vdcr_concept_0093,vdcr_concept_0093,chemistry_materials_change,materials_family_07,internet_archive,https://archive.org/details/FinalFantasy3_SS_448,archive_license_verify_on_page,20074.8,,,review,inspect_video,0.0,30.0,"Candidate must show the temporal sequence that instantiates Flame Flashback, not merely an object, scene, or static result.",,new_candidate,13,2,3,data/vdcr_candidate_videos_combined_v1.csv
vdcr_archive_b05_000011,vdcr_archive_b05_000011,Flame Flashback,vdcr_concept_0093,vdcr_concept_0093,chemistry_materials_change,materials_family_07,internet_archive,https://archive.org/details/FirePat1951,http://creativecommons.org/licenses/publicdomain/,985.3,,,review,inspect_video,0.0,30.0,"Candidate must show the temporal sequence that instantiates Flame Flashback, not merely an object, scene, or static result.",,new_candidate,12,3,3,data/vdcr_candidate_videos_combined_v1.csv
vdcr_archive_b05_000014,vdcr_archive_b05_000014,Gel Swelling,vdcr_concept_0104,vdcr_concept_0104,chemistry_materials_change,materials_family_09,internet_archive,https://archive.org/details/buttocks-gluteal-implants-insertion,archive_license_verify_on_page,284.3,,,review,inspect_video,0.0,30.0,"Candidate must show the temporal sequence that instantiates Gel Swelling, not merely an object, scene, or static result.",,new_candidate,11,1,3,data/vdcr_candidate_videos_combined_v1.csv
vdcr_archive_b05_000016,vdcr_archive_b05_000016,Gel Swelling,vdcr_concept_0104,vdcr_concept_0104,chemistry_materials_change,materials_family_09,internet_archive,https://archive.org/details/yt__D6Yku4uEFc,archive_license_verify_on_page,193.6,,,review,inspect_video,0.0,30.0,"Candidate must show the temporal sequence that instantiates Gel Swelling, not merely an object, scene, or static result.",,new_candidate,10,2,3,data/vdcr_candidate_videos_combined_v1.csv
vdcr_archive_b06_000036,vdcr_archive_b06_000036,Axonal Transport,vdcr_concept_0157,vdcr_concept_0157,biology_living_systems,biology_family_05,internet_archive,https://archive.org/details/youtube-nqNEtdHVUjM,archive_license_verify_on_page,6903.8,,,review,inspect_video,0.0,30.0,"Candidate must show the temporal sequence that instantiates Axonal Transport, not merely an object, scene, or static result.",,new_candidate,31,2,3,data/vdcr_candidate_videos_combined_v1.csv
vdcr_archive_b06_000037,vdcr_archive_b06_000037,Phagocytosis,vdcr_concept_0164,vdcr_concept_0164,biology_living_systems,biology_family_06,internet_archive,https://archive.org/details/YoungPharoahWhitePeopleMonkeyBlood,archive_license_verify_on_page,330.8,,,review,inspect_video,0.0,30.0,"Candidate must show the temporal sequence that instantiates Phagocytosis, not merely an object, scene, or static result.",,new_candidate,31,3,3,data/vdcr_candidate_videos_combined_v1.csv
vdcr_archive_b06_000044,vdcr_archive_b06_000044,Cleavage,vdcr_concept_0174,vdcr_concept_0174,biology_living_systems,biology_family_08,internet_archive,https://archive.org/details/bb_poor_cinderella,http://creativecommons.org/licenses/publicdomain/,621.1,,,review,inspect_video,0.0,30.0,"Candidate must show the temporal sequence that instantiates Cleavage, not merely an object, scene, or static result.",,new_candidate,31,2,3,data/vdcr_candidate_videos_combined_v1.csv
vdcr_archive_b06_000045,vdcr_archive_b06_000045,Cleavage,vdcr_concept_0174,vdcr_concept_0174,biology_living_systems,biology_family_08,internet_archive,https://archive.org/details/hermione-growth-spurt,archive_license_verify_on_page,343.8,,,review,inspect_video,0.0,30.0,"Candidate must show the temporal sequence that instantiates Cleavage, not merely an object, scene, or static result.",,new_candidate,31,3,3,data/vdcr_candidate_videos_combined_v1.csv
vdcr_archive_b06_000048,vdcr_archive_b06_000048,Root Hair Tip Growth,vdcr_concept_0183,vdcr_concept_0183,biology_living_systems,biology_family_09,internet_archive,https://archive.org/details/upenn-f16-0512_Llanos_Venezuela,archive_license_verify_on_page,452.9,,,review,inspect_video,0.0,30.0,"Candidate must show the temporal sequence that instantiates Root Hair Tip Growth, not merely an object, scene, or static result.",,new_candidate,31,3,3,data/vdcr_candidate_videos_combined_v1.csv
vdcr_archive_b06_000050,vdcr_archive_b06_000050,Biofilm Expansion,vdcr_concept_0187,vdcr_concept_0187,biology_living_systems,biology_family_10,internet_archive,https://archive.org/details/lftvfl-Leesburg_Turnpike_Wasterwater-The_Nuvoda_Biofilm_Pilot_Study,archive_license_verify_on_page,180.1,,,review,inspect_video,0.0,30.0,"Candidate must show the temporal sequence that instantiates Biofilm Expansion, not merely an object, scene, or static result.",,new_candidate,31,1,3,data/vdcr_candidate_videos_combined_v1.csv
vdcr_archive_b08_000013,vdcr_archive_b08_000013,Convergent Extension,vdcr_concept_0176,vdcr_concept_0176,biology_living_systems,biology_family_08,internet_archive,https://archive.org/details/YouniverseMoblogMovies,archive_license_verify_on_page,15.3,,,review,inspect_video,0.0,15.3,"Candidate must show the temporal sequence that instantiates Convergent Extension, not merely an object, scene, or static result.",,new_candidate,31,1,3,data/vdcr_candidate_videos_combined_v1.csv
vdcr_archive_b08_000014,vdcr_archive_b08_000014,Neural Tube Closure,vdcr_concept_0177,vdcr_concept_0177,biology_living_systems,biology_family_08,internet_archive,https://archive.org/details/fronto-nasal-encephalocele-encephalocele-of-the-anterior-cranial-base,archive_license_verify_on_page,315.0,,,review,inspect_video,0.0,30.0,"Candidate must show the temporal sequence that instantiates Neural Tube Closure, not merely an object, scene, or static result.",,new_candidate,31,1,3,data/vdcr_candidate_videos_combined_v1.csv
vdcr_archive_b08_000015,vdcr_archive_b08_000015,Epithelial-Mesenchymal Transition,vdcr_concept_0178,vdcr_concept_0178,biology_living_systems,biology_family_08,internet_archive,https://archive.org/details/yt_zgLovgnDA6A,archive_license_verify_on_page,300.1,,,review,inspect_video,0.0,30.0,"Candidate must show the temporal sequence that instantiates Epithelial-Mesenchymal Transition, not merely an object, scene, or static result.",,new_candidate,31,1,3,data/vdcr_candidate_videos_combined_v1.csv
vdcr_archive_b08_000016,vdcr_archive_b08_000016,Epithelial-Mesenchymal Transition,vdcr_concept_0178,vdcr_concept_0178,biology_living_systems,biology_family_08,internet_archive,https://archive.org/details/Remarque88-olQAuFtFPRsT,https://creativecommons.org/licenses/by-nc-nd/4.0/,701.7,,,review,inspect_video,0.0,30.0,"Candidate must show the temporal sequence that instantiates Epithelial-Mesenchymal Transition, not merely an object, scene, or static result.",,new_candidate,31,2,3,data/vdcr_candidate_videos_combined_v1.csv
vdcr_archive_b08_000017,vdcr_archive_b08_000017,Epithelial-Mesenchymal Transition,vdcr_concept_0178,vdcr_concept_0178,biology_living_systems,biology_family_08,internet_archive,https://archive.org/details/Remarque88-FjRDANQQj4wT,https://creativecommons.org/licenses/by-nc-nd/4.0/,701.7,,,review,inspect_video,0.0,30.0,"Candidate must show the temporal sequence that instantiates Epithelial-Mesenchymal Transition, not merely an object, scene, or static result.",,new_candidate,31,3,3,data/vdcr_candidate_videos_combined_v1.csv
vdcr_archive_b05_000038,vdcr_archive_b05_000038,Spinning Back Kick,,spinning_back_kick,biology_living_systems,biology_family_02,internet_archive,https://archive.org/details/IndianaJonesEmperorsTomb_14643,archive_license_verify_on_page,54.5,,,review,inspect_video,0.0,30.0,"Candidate must show the temporal sequence that instantiates Spinning Back Kick, not merely an object, scene, or static result.",,new_candidate,31,1,3,data/vdcr_candidate_videos_combined_v1.csv
vdcr_archive_b05_000036,vdcr_archive_b05_000036,Spinning Back Kick,,spinning_back_kick,biology_living_systems,biology_family_02,internet_archive,https://archive.org/details/drugs_are_like_that,archive_license_verify_on_page,976.9,,,review,inspect_video,0.0,30.0,"Candidate must show the temporal sequence that instantiates Spinning Back Kick, not merely an object, scene, or static result.",,new_candidate,31,2,3,data/vdcr_candidate_videos_combined_v1.csv
vdcr_archive_b05_000037,vdcr_archive_b05_000037,Spinning Back Kick,,spinning_back_kick,biology_living_systems,biology_family_02,internet_archive,https://archive.org/details/0767_Incredible_Machine_The_20_26_47_00,archive_license_verify_on_page,899.0,,,review,inspect_video,0.0,30.0,"Candidate must show the temporal sequence that instantiates Spinning Back Kick, not merely an object, scene, or static result.",,new_candidate,31,3,3,data/vdcr_candidate_videos_combined_v1.csv
vdcr_archive_b06_000014,vdcr_archive_b06_000014,Ollie,,ollie,biology_living_systems,biology_family_02,internet_archive,https://archive.org/details/utopia,archive_license_verify_on_page,8519.3,,,review,inspect_video,0.0,30.0,"Candidate must show the temporal sequence that instantiates Ollie, not merely an object, scene, or static result.",,new_candidate,31,1,3,data/vdcr_candidate_videos_combined_v1.csv
vdcr_archive_b06_000015,vdcr_archive_b06_000015,Ollie,,ollie,biology_living_systems,biology_family_02,internet_archive,https://archive.org/details/TheFlyingDeuces,http://creativecommons.org/licenses/publicdomain/,4077.6,,,review,inspect_video,0.0,30.0,"Candidate must show the temporal sequence that instantiates Ollie, not merely an object, scene, or static result.",,new_candidate,31,2,3,data/vdcr_candidate_videos_combined_v1.csv
vdcr_archive_b06_000016,vdcr_archive_b06_000016,Ollie,,ollie,biology_living_systems,biology_family_02,internet_archive,https://archive.org/details/machine_gun_mama_1944,http://creativecommons.org/licenses/publicdomain/,3603.6,,,review,inspect_video,0.0,30.0,"Candidate must show the temporal sequence that instantiates Ollie, not merely an object, scene, or static result.",,new_candidate,31,3,3,data/vdcr_candidate_videos_combined_v1.csv
