candidate_id,source_url,source_platform,license_or_usage_note,raw_duration_sec,suggested_start_sec,suggested_end_sec,initial_category,candidate_knowledge_point,domain_seed,subdomain_seed,why_dynamic,collector_notes,source_csv
vdcr_archive_b07_000001,https://archive.org/details/schoolhouse-rock-30th,internet_archive,archive_license_verify_on_page,33.2,0.0,30.0,earth_environmental_systems,Wall Cloud Rotation,earth_environmental_systems,earth_family_01,"Candidate must show the temporal sequence that instantiates Wall Cloud Rotation, not merely an object, scene, or static result.",archive_search_collected; search_term=Wall Cloud Rotation; archive_identifier=schoolhouse-rock-30th; archive_file=73 Nike Commercial Three is a Magic Number.mp4; title=Schoolhouse Rock ★ Emmy Award Winning TV Series - with Subtitles and MKV; description=Schoolhouse Rock ★ Complete Emmy Award Winning TV Series - with Subtitles and Master MKV Videos. I wish to thank user Elijah Hechtman: for uploading ISO Images of three Schoolhouse Rock DVDs to his account. I only had to get one missing...; vdcr_direct_answer; concept_zh=墙云旋转; concept_type=自然动态机制; priority=B,data/vdcr_candidate_videos_archive_batch07_v1.csv
vdcr_archive_b07_000002,https://archive.org/details/sm4c-urlfest,internet_archive,archive_license_verify_on_page,27533.7,0.0,30.0,earth_environmental_systems,Wall Cloud Rotation,earth_environmental_systems,earth_family_01,"Candidate must show the temporal sequence that instantiates Wall Cloud Rotation, not merely an object, scene, or static result.",archive_search_collected; search_term=Wall Cloud Rotation; archive_identifier=sm4c-urlfest; archive_file=the entire mf show.mp4; title=SM4C SH1TTTYYY MUSIC4444 CHARITY URLFEST (PRESENTED BY GOD?AWFUL & EXPERIMENT 9); description=Timestamps 0:00:00 Mike Støol B2B トリニダード 0:19:00 arcade trauma 0:39:00 Cowtools 0:54:00 SabuNari 1:09:00 COZI 1:31:00 holidaygirl1224 1:51:00 Será Louise 2:14:00 Jay & Silent Bob Doomed Yaoi 2:24:00 lunaht_ 2:34:00 Girlfailure Talk 2:47:...; vdcr_direct_answer; concept_zh=墙云旋转; concept_type=自然动态机制; priority=B,data/vdcr_candidate_videos_archive_batch07_v1.csv
vdcr_archive_b07_000003,https://archive.org/details/Flickr-2558636981,internet_archive,https://creativecommons.org/licenses/by-nd/2.0/,30.0,0.0,30.0,earth_environmental_systems,Wall Cloud Rotation,earth_environmental_systems,earth_family_01,"Candidate must show the temporal sequence that instantiates Wall Cloud Rotation, not merely an object, scene, or static result.","archive_search_collected; search_term=Wall Cloud Rotation; archive_identifier=Flickr-2558636981; archive_file=supercell-2558636981.ogv; title=supercell; description=The first major Supercell of the day passes North, out of the region we are chasing in Source: https://www.flickr.com/photos/36326578@N00/2558636981 Uploader: Petey; vdcr_direct_answer; concept_zh=墙云旋转; concept_type=自然动态机制; priority=B",data/vdcr_candidate_videos_archive_batch07_v1.csv
vdcr_archive_b07_000004,https://archive.org/details/ZeldaMajorasMask_100p_655,internet_archive,archive_license_verify_on_page,267.9,0.0,30.0,earth_environmental_systems,Cutbank Erosion / Point-Bar Deposition,earth_environmental_systems,earth_family_02,"Candidate must show the temporal sequence that instantiates Cutbank Erosion / Point-Bar Deposition, not merely an object, scene, or static result.","archive_search_collected; search_term=Point-Bar Deposition; archive_identifier=ZeldaMajorasMask_100p_655; archive_file=ZeldaMajorasMask_100p_655_LQ_part13.ogv; title=Zelda: Majora's Mask (N64) - 100% 6:55 - Peter Branam-Lefkove; description=Speed run of The Legend of Zelda: Majora's Mask with 100% item collection in 29 segments, completed on August 5 2005. Available in 3 versions: low, normal and high quality. Author's comments: Special Thanks to: Radix - For somehow managi...; vdcr_direct_answer; concept_zh=凹岸侵蚀与凸岸沉积; concept_type=自然动态机制; priority=B",data/vdcr_candidate_videos_archive_batch07_v1.csv
vdcr_archive_b07_000005,https://archive.org/details/FranklynMonkPodcast61Video,internet_archive,https://creativecommons.org/licenses/by-nc-sa/4.0/,1000.1,0.0,30.0,earth_environmental_systems,River Avulsion,earth_environmental_systems,earth_family_02,"Candidate must show the temporal sequence that instantiates River Avulsion, not merely an object, scene, or static result.","archive_search_collected; search_term=River Avulsion; archive_identifier=FranklynMonkPodcast61Video; archive_file=ConstituentVids/abby_slide.mp4; title=Avulsion (video); description=TITLE: Avulsion DESCR: In sedimentary geology and fluvial geomorphology, avulsion is the rapid abandonment of a river channel and the formation of a new river channel. In real property law, avulsion refers to a sudden loss of land, which...; vdcr_direct_answer; concept_zh=河流决口改道; concept_type=自然动态机制; priority=B",data/vdcr_candidate_videos_archive_batch07_v1.csv
vdcr_archive_b07_000006,https://archive.org/details/corcl_000121,internet_archive,archive_license_verify_on_page,258.1,0.0,30.0,earth_environmental_systems,Rip Current Channel Formation,earth_environmental_systems,earth_family_02,"Candidate must show the temporal sequence that instantiates Rip Current Channel Formation, not merely an object, scene, or static result.","archive_search_collected; search_term=Rip Current Channel Formation; archive_identifier=corcl_000121; archive_file=corcl_000121_access.HD.mp4; title=Once a Laguna Lifeguard, Always a Laguna Lifeguard; description=See this link for the most complete and recent information on this record: https://repository.californiarevealed.org/node/375122 . Author Craig Lockwood and Photographer Mitch Ridder discuss their book, ""Lifeguarding Laguna"", and reflect...; vdcr_direct_answer; concept_zh=裂流出海通道形成; concept_type=自然动态机制; priority=B",data/vdcr_candidate_videos_archive_batch07_v1.csv
vdcr_archive_b07_000007,https://archive.org/details/papua-new-guinea-tidal-wave-tragedy-situation-update-360p,internet_archive,http://creativecommons.org/publicdomain/mark/1.0/,193.0,0.0,30.0,earth_environmental_systems,Longshore Drift,earth_environmental_systems,earth_family_02,"Candidate must show the temporal sequence that instantiates Longshore Drift, not merely an object, scene, or static result.","archive_search_collected; search_term=Longshore Drift; archive_identifier=papua-new-guinea-tidal-wave-tragedy-situation-update-360p; archive_file=PAPUA_NEW_GUINEA__TIDAL_WAVE_TRAGEDY_SITUATION_UPDATE(360p).mp4; title=PAPUA NEW GUINEA TIDAL WAVE TRAGEDY SITUATION UPDATE(; description=On the evening of 17 July 1998, on the Aitape coast of Papua New Guinea, a strongly felt earthquake was followed some 10-25 minutes later by a destructive tsunami. The tsunami comprised three waves, each estimated to be about 4 m high. T...; vdcr_direct_answer; concept_zh=沿岸漂移; concept_type=自然动态机制; priority=B",data/vdcr_candidate_videos_archive_batch07_v1.csv
vdcr_archive_b07_000008,https://archive.org/details/reflectionandrefraction,internet_archive,archive_license_verify_on_page,1032.1,0.0,30.0,earth_environmental_systems,Internal Wave Propagation,earth_environmental_systems,earth_family_02,"Candidate must show the temporal sequence that instantiates Internal Wave Propagation, not merely an object, scene, or static result.","archive_search_collected; search_term=Internal Wave Propagation; archive_identifier=reflectionandrefraction; archive_file=reflectionandrefraction.ogv; title=Reflection, refraction, dispersion; description=Circular and straight pulses are reflected from various shaped barriers. Periodic straight waves are refracted at various angles. Mention is made of Snell's law and spherical and chromatic aberrations. Various focusing effects and total...; vdcr_direct_answer; concept_zh=内波传播; concept_type=自然动态机制; priority=B",data/vdcr_candidate_videos_archive_batch07_v1.csv
vdcr_archive_b07_000009,https://archive.org/details/UC_Berkeley_FOM_2014_05_02_Walter_Freeman,internet_archive,archive_license_verify_on_page,5500.4,0.0,30.0,earth_environmental_systems,Internal Wave Propagation,earth_environmental_systems,earth_family_02,"Candidate must show the temporal sequence that instantiates Internal Wave Propagation, not merely an object, scene, or static result.","archive_search_collected; search_term=Internal Wave Propagation; archive_identifier=UC_Berkeley_FOM_2014_05_02_Walter_Freeman; archive_file=UC_Berkeley_FOM_2014_05_02_Walter_Freeman.ogv; title=Walter Freeman: The evolution and neurodynamics of the action perception cycle - When, where and how consciousness and quantum field theory enter; description=Talk by Professor Walter Freeman of the University of California at Berkeley. Given to the Foundations of Mind seminar at UC Berkeley (http://FoundationsOfMind.org), organized by Sean O Nuallain. Introduction to Walter’s work Over the pa...; vdcr_direct_answer; concept_zh=内波传播; concept_type=自然动态机制; priority=B",data/vdcr_candidate_videos_archive_batch07_v1.csv
vdcr_archive_b07_000010,https://archive.org/details/thegrandcanyonchronicles,internet_archive,archive_license_verify_on_page,1409.2,0.0,30.0,earth_environmental_systems,Aa Lava Front Advance,earth_environmental_systems,earth_family_04,"Candidate must show the temporal sequence that instantiates Aa Lava Front Advance, not merely an object, scene, or static result.","archive_search_collected; search_term=Aa Lava Front Advance; archive_identifier=thegrandcanyonchronicles; archive_file=thegrandcanyonchroniclesreel1.ogv; title=The Grand Canyon chronicles; description=Combining science with the creativity of talented filmmakers, this is perhaps the most colorful and fascinating film ever made on the Grand Canyon. Narrated by Orson Welles, it tells of the events and forces that shape the earth, of the...; vdcr_direct_answer; concept_zh=阿阿熔岩前缘推进; concept_type=自然动态机制; priority=B",data/vdcr_candidate_videos_archive_batch07_v1.csv
vdcr_archive_b07_000011,https://archive.org/details/kidchameleon-timeattackv2-truncated,internet_archive,archive_license_verify_on_page,958.8,0.0,30.0,earth_environmental_systems,Aa Lava Front Advance,earth_environmental_systems,earth_family_04,"Candidate must show the temporal sequence that instantiates Aa Lava Front Advance, not merely an object, scene, or static result.","archive_search_collected; search_term=Aa Lava Front Advance; archive_identifier=kidchameleon-timeattackv2-truncated; archive_file=kidchameleon-timeattackv2-truncated.ogv; title=Kid Chameleon (Genesis) - 14:18 (Any version, emulated run) - A. Berglin (aka. Truncated); description=Here it is, Kid Chameleon for the Genesis - probably the game with the most submissions of which none have been published. In retrospect, I can admit that it was fair to reject my previous submission - this one is more than a minute fast...; vdcr_direct_answer; concept_zh=阿阿熔岩前缘推进; concept_type=自然动态机制; priority=B",data/vdcr_candidate_videos_archive_batch07_v1.csv
vdcr_archive_b07_000012,https://archive.org/details/sociobiologythehumananimalreel1,internet_archive,archive_license_verify_on_page,1647.0,0.0,30.0,earth_environmental_systems,Aa Lava Front Advance,earth_environmental_systems,earth_family_04,"Candidate must show the temporal sequence that instantiates Aa Lava Front Advance, not merely an object, scene, or static result.","archive_search_collected; search_term=Aa Lava Front Advance; archive_identifier=sociobiologythehumananimalreel1; archive_file=sociobiologythehumananimalreel1.ogv; title=Sociobiology: The Human Animal; description=Sociobiology: The Human Animal, Reel 1 Reel 2 available here Focuses on sociobiology, a new and controversial science which holds that behavior is biologically determined. Search Educational Film Journals at Media History Project for ref...; vdcr_direct_answer; concept_zh=阿阿熔岩前缘推进; concept_type=自然动态机制; priority=B",data/vdcr_candidate_videos_archive_batch07_v1.csv
vdcr_archive_b07_000013,https://archive.org/details/PC_Longplay_373_StarCraft_2_Wings_of_Liberty,internet_archive,archive_license_verify_on_page,9143.6,0.0,30.0,earth_environmental_systems,Aa Lava Front Advance,earth_environmental_systems,earth_family_04,"Candidate must show the temporal sequence that instantiates Aa Lava Front Advance, not merely an object, scene, or static result.","archive_search_collected; search_term=Aa Lava Front Advance; archive_identifier=PC_Longplay_373_StarCraft_2_Wings_of_Liberty; archive_file=PC_Longplay_373_StarCraft_2_Wings_of_Liberty_Part_3_of_5.ogv; title=PC Longplay 373 StarCraft 2 Wings of Liberty; description=Hello Everybody, Frederikct112 here. I am back again with this awesome RTS game. I thought i had already done StarCraft 1 so why not finish it with StarCraft 2 WoL and HoS. I did pretty mediorcre in this longplay. There may be in some mi...; vdcr_direct_answer; concept_zh=阿阿熔岩前缘推进; concept_type=自然动态机制; priority=B",data/vdcr_candidate_videos_archive_batch07_v1.csv
vdcr_archive_b07_000014,https://archive.org/details/dahboo77,internet_archive,archive_license_verify_on_page,60.0,0.0,30.0,earth_environmental_systems,Glacier Surge,earth_environmental_systems,earth_family_05,"Candidate must show the temporal sequence that instantiates Glacier Surge, not merely an object, scene, or static result.","archive_search_collected; search_term=Glacier Surge; archive_identifier=dahboo77; archive_file=20170712-MANHUNT IN ALABAMA FOR MAN THAT KILLED 3 IN MOBILE HOME PARK.ia.mp4; title=DAHBOO77; description=First Off, I'm about real and interesting things going on in this world !! IF YOU ARE TOO CLOSE MINDED, THIS CHANNEL IS NOT FOR YOU! I Deliver Fresh News When I Can On Live Events! I report on Earthquakes or crazy weather, Sun Activity,...; vdcr_direct_answer; concept_zh=冰川跃动; concept_type=自然动态机制; priority=B",data/vdcr_candidate_videos_archive_batch07_v1.csv
vdcr_archive_b07_000015,https://archive.org/details/PBS-TERRA-Weathered,internet_archive,archive_license_verify_on_page,650.7,0.0,30.0,earth_environmental_systems,Glacier Surge,earth_environmental_systems,earth_family_05,"Candidate must show the temporal sequence that instantiates Glacier Surge, not merely an object, scene, or static result.","archive_search_collected; search_term=Glacier Surge; archive_identifier=PBS-TERRA-Weathered; archive_file=7.09 Is This the ABSOLUTE Worst CaseTipping Point?.ia.mp4; title=PBS TERRA: Weathered; description=Natural disasters and extreme weather can happen without warning, and being prepared for these events is critical. And with the impacts of climate change, more Americans than ever are at risk of natural disasters. How can families and co...; vdcr_direct_answer; concept_zh=冰川跃动; concept_type=自然动态机制; priority=B",data/vdcr_candidate_videos_archive_batch07_v1.csv
vdcr_archive_b07_000016,https://archive.org/details/SEVENSEALRISEOFDIVIDEDROMANEMPIREBABYLONANDPERSIAUPDATEDLATEST6IRANDESTROYMpeg2video,internet_archive,archive_license_verify_on_page,5126.1,0.0,30.0,earth_environmental_systems,Crown Fire Transition,earth_environmental_systems,earth_family_06,"Candidate must show the temporal sequence that instantiates Crown Fire Transition, not merely an object, scene, or static result.",archive_search_collected; search_term=Crown Fire Transition; archive_identifier=SEVENSEALRISEOFDIVIDEDROMANEMPIREBABYLONANDPERSIAUPDATEDLATEST6IRANDESTROYMpeg2video; archive_file=SEVEN SEAL  RISE OF DIVIDED ROMAN EMPIRE BABYLON AND PERSIA UPDATED LATEST 6 IRAN DESTROY_mpeg2video.ogv; title=SEVEN SEAL RISE OF DIVIDED ROMAN EMPIRE BABYLON AND PERSIA UPDATED LATEST 6 IRAN DESTROY Mpeg 2video; description=https://www.youtube.com/watch?v=MSFJHIbViK0&feature=youtu.be THE 95 THEISIS oF REVELATION EXPLAINATION OF DANIEL and REVE LATION anyway how do i know 1948 AD ISRAEL IS the great babylon who is held up by dragon (revelation 17) ( and isra...; vdcr_direct_answer; concept_zh=树冠火转变; concept_type=自然动态机制; priority=B,data/vdcr_candidate_videos_archive_batch07_v1.csv
vdcr_archive_b07_000017,https://archive.org/details/SEVENSEALRISEOFDIVIDEDROMANEMPIREBABYLONANDPERSIAUPDATEDLATEST6IRANDESTROYMpeg2video_201812,internet_archive,archive_license_verify_on_page,5126.1,0.0,30.0,earth_environmental_systems,Crown Fire Transition,earth_environmental_systems,earth_family_06,"Candidate must show the temporal sequence that instantiates Crown Fire Transition, not merely an object, scene, or static result.",archive_search_collected; search_term=Crown Fire Transition; archive_identifier=SEVENSEALRISEOFDIVIDEDROMANEMPIREBABYLONANDPERSIAUPDATEDLATEST6IRANDESTROYMpeg2video_201812; archive_file=SEVEN SEAL  RISE OF DIVIDED ROMAN EMPIRE BABYLON AND PERSIA UPDATED LATEST 6 IRAN DESTROY_mpeg2video.ogv; title=SEVEN SEAL RISE OF DIVIDED ROMAN EMPIRE BABYLON AND PERSIA UPDATED LATEST 6 IRAN DESTROY Mpeg 2video; description=https://www.youtube.com/watch?v=MSFJHIbViK0&feature=youtu.be THE 95 THEISIS oF REVELATION EXPLAINATION OF DANIEL and REVE LATION anyway how do i know 1948 AD ISRAEL IS the great babylon who is held up by dragon (revelation 17) ( and isra...; vdcr_direct_answer; concept_zh=树冠火转变; concept_type=自然动态机制; priority=B,data/vdcr_candidate_videos_archive_batch07_v1.csv
vdcr_archive_b07_000018,https://archive.org/details/saudi-arabias-unpredictable-future,internet_archive,archive_license_verify_on_page,4402.2,0.0,30.0,earth_environmental_systems,Crown Fire Transition,earth_environmental_systems,earth_family_06,"Candidate must show the temporal sequence that instantiates Crown Fire Transition, not merely an object, scene, or static result.","archive_search_collected; search_term=Crown Fire Transition; archive_identifier=saudi-arabias-unpredictable-future; archive_file=Saudi Arabia's Unpredictable Future.mp4; title=Saudi Arabia's Unpredictable Future; description=Saudi Arabia’s Unpredictable Future (Dr. Ali Alyami, January 8, 2020) About the speaker Dr. Ali Alyami is the founder and Executive Director of the Center for Democracy and Human Rights in Saudi Arabia, based in Washington, D. C. He is a...; vdcr_direct_answer; concept_zh=树冠火转变; concept_type=自然动态机制; priority=B",data/vdcr_candidate_videos_archive_batch07_v1.csv
vdcr_archive_b07_000019,https://archive.org/details/the-fertile-crescent,internet_archive,archive_license_verify_on_page,4318.1,0.0,30.0,earth_environmental_systems,Crown Fire Transition,earth_environmental_systems,earth_family_06,"Candidate must show the temporal sequence that instantiates Crown Fire Transition, not merely an object, scene, or static result.","archive_search_collected; search_term=Crown Fire Transition; archive_identifier=the-fertile-crescent; archive_file=The Fertile Crescent – Between Russia, Iran and Israel.mp4; title=The Fertile Crescent – Between Russia, Iran And Israel; description=The Fertile Crescent After ISIS – Between Russia, Iran, and Israel (Shmuel Bar, March 13, 2019) Transcript available below Watch his speaker playlist here About the speaker Dr. Shmuel Bar served for thirty years in the Israeli government...; vdcr_direct_answer; concept_zh=树冠火转变; concept_type=自然动态机制; priority=B",data/vdcr_candidate_videos_archive_batch07_v1.csv
vdcr_archive_b07_000020,https://archive.org/details/AssemblyLinesPodcast74,internet_archive,http://creativecommons.org/licenses/by-nc/4.0/,892.4,0.0,30.0,earth_environmental_systems,Crown Fire Transition,earth_environmental_systems,earth_family_06,"Candidate must show the temporal sequence that instantiates Crown Fire Transition, not merely an object, scene, or static result.","archive_search_collected; search_term=Crown Fire Transition; archive_identifier=AssemblyLinesPodcast74; archive_file=AssemblyLinesPodcast74.ogv; title=Assembly Lines #74 Roger Wagner KansasFest 2018; description=I interview Roger Wagner, keynote speaker for KansasFest 2018. We chat about KansasFest 1995, what's new in 2018, Bite the Bag, and the 6502 in education. Photos provided by Greg Nelson and Roger Wagner. KansasFest: https://www.kansasfes...; vdcr_direct_answer; concept_zh=树冠火转变; concept_type=自然动态机制; priority=B",data/vdcr_candidate_videos_archive_batch07_v1.csv
vdcr_archive_b07_000021,https://archive.org/details/new-coronavirusresearch-2021v-1.5,internet_archive,http://creativecommons.org/publicdomain/mark/1.0/,0.0,0.0,0.0,earth_environmental_systems,Spot Fire Propagation,earth_environmental_systems,earth_family_06,"Candidate must show the temporal sequence that instantiates Spot Fire Propagation, not merely an object, scene, or static result.",archive_search_collected; search_term=Spot Fire Propagation; archive_identifier=new-coronavirusresearch-2021v-1.5; archive_file=th (1).mp4; title=Major findings in the research of new coronavirus pneumonia: The mechanism of mutual mutagenesis and mutation of new coronavirus pneumonia bacteria (Fangruida); description=Major findings in the research of new coronavirus pneumonia: The mechanism of mutual mutagenesis and mutation of new coronavirus pneumonia bacteria (Fangruida) N ew coronavirus research （Fangruida2021） The mechanism of mutual mutagenesis...; vdcr_direct_answer; concept_zh=飞火传播; concept_type=自然动态机制; priority=B,data/vdcr_candidate_videos_archive_batch07_v1.csv
vdcr_archive_b07_000022,https://archive.org/details/new-coronavirusresearch,internet_archive,http://creativecommons.org/publicdomain/mark/1.0/,12.2,0.0,12.2,earth_environmental_systems,Spot Fire Propagation,earth_environmental_systems,earth_family_06,"Candidate must show the temporal sequence that instantiates Spot Fire Propagation, not merely an object, scene, or static result.",archive_search_collected; search_term=Spot Fire Propagation; archive_identifier=new-coronavirusresearch; archive_file=VID20210108113518.ia.mp4; title=The mechanism of mutual mutagenesis and mutation of new coronavirus pneumonia bacteria (Fangruida) Medical virologist Fang Ruida's new coronavirus research) Besque compiles 2020v3.1 online version e-book; description=The mechanism of mutual mutagenesis and mutation of new coronavirus pneumonia bacteria ( Fangruida) Medical scientist virologist Fang Ruida new coronavirus research) Besque compiles 2020v3.1 online version e-book -———————————————————————...; vdcr_direct_answer; concept_zh=飞火传播; concept_type=自然动态机制; priority=B,data/vdcr_candidate_videos_archive_batch07_v1.csv
vdcr_archive_b07_000023,https://archive.org/details/the-endless-voyage-01-the-water-planet,internet_archive,http://creativecommons.org/publicdomain/mark/1.0/,1604.3,0.0,30.0,earth_environmental_systems,Storm Surge Propagation,earth_environmental_systems,earth_family_08,"Candidate must show the temporal sequence that instantiates Storm Surge Propagation, not merely an object, scene, or static result.","archive_search_collected; search_term=Storm Surge Propagation; archive_identifier=the-endless-voyage-01-the-water-planet; archive_file=The Endless Voyage 18 Building Blocks.mp4; title=The Endless Voyage ★ ""Lost"" Telecourse on Oceanography; description=The Endless Voyage ★ ""Lost"" Telecourse on Oceanography in 1080 HD "" The Endless Voyage "" - ★ ""Lost"" Telecourse on Oceanography. This series has been discontinued due to rights expiration. ☠️ The People selling this went out of business l...; vdcr_direct_answer; concept_zh=风暴潮推进; concept_type=自然动态机制; priority=B",data/vdcr_candidate_videos_archive_batch07_v1.csv
vdcr_archive_b07_000024,https://archive.org/details/viewfromspace,internet_archive,archive_license_verify_on_page,1468.9,0.0,30.0,earth_environmental_systems,Rip Current Formation,earth_environmental_systems,earth_family_08,"Candidate must show the temporal sequence that instantiates Rip Current Formation, not merely an object, scene, or static result.",archive_search_collected; search_term=Rip Current Formation; archive_identifier=viewfromspace; archive_file=viewfromspacereel2.ogv; title=View From Space; description=View From Space A graphic insight into the world of space photography. Includes footage showing the physical aspects of the earth and explains how man has profited from these photographic efforts. Search Educational Film Journals at Medi...; vdcr_direct_answer; concept_zh=近岸裂流形成; concept_type=自然动态机制; priority=B,data/vdcr_candidate_videos_archive_batch07_v1.csv
vdcr_archive_b07_000025,https://archive.org/details/MIT8.03F04,internet_archive,http://creativecommons.org/licenses/by-nc-sa/3.0/us/,459.0,0.0,30.0,earth_environmental_systems,Wave Refraction,earth_environmental_systems,earth_family_08,"Candidate must show the temporal sequence that instantiates Wave Refraction, not merely an object, scene, or static result.","archive_search_collected; search_term=Wave Refraction; archive_identifier=MIT8.03F04; archive_file=OCW-8.03-Course-Intro-Lewin-220k.mp4; title=MIT 8.03 Physics III: Vibrations and Waves, Fall 2004; description=In addition to the traditional topics of mechanical vibrations and waves, coupled oscillators, and electro-magnetic radiation, students will also learn about musical instruments, red sunsets, glories, coronae, rainbows, haloes, X-ray bin...; vdcr_direct_answer; concept_zh=波浪折射; concept_type=自然动态机制; priority=B",data/vdcr_candidate_videos_archive_batch07_v1.csv
vdcr_archive_b07_000026,https://archive.org/details/MIT8.03SCF16,internet_archive,http://creativecommons.org/licenses/by-nc-sa/3.0/,77.3,0.0,30.0,earth_environmental_systems,Wave Refraction,earth_environmental_systems,earth_family_08,"Candidate must show the temporal sequence that instantiates Wave Refraction, not merely an object, scene, or static result.","archive_search_collected; search_term=Wave Refraction; archive_identifier=MIT8.03SCF16; archive_file=MIT8_03SCF16_Educator02_Taking_Breaks_300k.mp4; title=MIT 8.03SC Physics III: Vibrations and Waves, Fall 2016; description=MIT 8.03 Physics III: Vibrations and Waves, Fall 2016 View the complete course: https://ocw.mit.edu/8-03F16 Instructor: Yen-Jie Lee This is the third course in the core physics curriculum at MIT, following 8.01 Physics I: Classical Mecha...; vdcr_direct_answer; concept_zh=波浪折射; concept_type=自然动态机制; priority=B",data/vdcr_candidate_videos_archive_batch07_v1.csv
vdcr_archive_b07_000027,https://archive.org/details/MIT8.03SCF12,internet_archive,http://creativecommons.org/licenses/by-nc-sa/3.0/,2079.6,0.0,30.0,earth_environmental_systems,Wave Refraction,earth_environmental_systems,earth_family_08,"Candidate must show the temporal sequence that instantiates Wave Refraction, not merely an object, scene, or static result.","archive_search_collected; search_term=Wave Refraction; archive_identifier=MIT8.03SCF12; archive_file=MIT8_03SCF12_ses06_300k.ogv; title=MIT 8.03SC Vibrations and Waves Problem Solving Help Videos, Fall 2012; description=This collection includes ten videos to help students learn how to approach and solve problems related to Physics III: Vibrations and Waves. The OCW website also includes sample problems for students to solve and insights for educators on...; vdcr_direct_answer; concept_zh=波浪折射; concept_type=自然动态机制; priority=B",data/vdcr_candidate_videos_archive_batch07_v1.csv
vdcr_archive_b07_000028,https://archive.org/details/the-most-beautifull-plasma-of-cosmos,internet_archive,http://creativecommons.org/licenses/by-nc-nd/4.0/,1812.6,0.0,30.0,earth_environmental_systems,Wave Refraction,earth_environmental_systems,earth_family_08,"Candidate must show the temporal sequence that instantiates Wave Refraction, not merely an object, scene, or static result.","archive_search_collected; search_term=Wave Refraction; archive_identifier=the-most-beautifull-plasma-of-cosmos; archive_file=The Most Beautifull Plasma of Cosmos.ia.mp4; title=Most Beautiful Plasma of the Cosmos; description=The Moon is not a physical object. It's a type of live feed X-ray of the level Earth refracting off the Upper Firmament (Dome), or Toroidal EMF. It's a real time Earth Selfie. The Moon is focused electromagnetic plasma phenomenon and hap...; vdcr_direct_answer; concept_zh=波浪折射; concept_type=自然动态机制; priority=B",data/vdcr_candidate_videos_archive_batch07_v1.csv
vdcr_archive_b08_000001,https://archive.org/details/CIL-10110,internet_archive,archive_license_verify_on_page,44.3,0.0,30.0,physics_physical_systems,Magnetic Reconnection,physics_physical_systems,physics_family_07,"Candidate must show the temporal sequence that instantiates Magnetic Reconnection, not merely an object, scene, or static result.",archive_search_collected; search_term=Magnetic Reconnection; archive_identifier=CIL-10110; archive_file=reconnectionAng.ogv; title=Magnetic Reconnection 2; description=This is an update to an older magnetic reconnection animation (10072). The ionized wind from the Sun generates reconnection in the Earth's magnetic field. Particles leak in from the rediation belts producing the auroras. Note: 3-D Anagly...; vdcr_direct_answer; concept_zh=磁场重联; concept_type=自然动态机制; priority=C,data/vdcr_candidate_videos_archive_batch08_v1.csv
vdcr_archive_b08_000002,https://archive.org/details/CIL-10072,internet_archive,archive_license_verify_on_page,15.6,0.0,15.6,physics_physical_systems,Magnetic Reconnection,physics_physical_systems,physics_family_07,"Candidate must show the temporal sequence that instantiates Magnetic Reconnection, not merely an object, scene, or static result.",archive_search_collected; search_term=Magnetic Reconnection; archive_identifier=CIL-10072; archive_file=reconnection.ogv; title=Magnetic Reconnection; description=The ionized wind from the Sun generates reconnection in the Earth's magnetic field. Particles leak in from the radiation belts producing the aurora. Note: The wind from the Sun impacts the Earth's magnetic field. Animator: Walt Feimer (H...; vdcr_direct_answer; concept_zh=磁场重联; concept_type=自然动态机制; priority=C,data/vdcr_candidate_videos_archive_batch08_v1.csv
vdcr_archive_b08_000003,https://archive.org/details/CIL-10059,internet_archive,archive_license_verify_on_page,30.9,0.0,30.0,physics_physical_systems,Magnetic Reconnection,physics_physical_systems,physics_family_07,"Candidate must show the temporal sequence that instantiates Magnetic Reconnection, not merely an object, scene, or static result.",archive_search_collected; search_term=Magnetic Reconnection; archive_identifier=CIL-10059; archive_file=what_is_a_cme1.ogv; title=A CME Generates Reconnection in Earth's Magnetic Field; description=A burst of fast material from the Sun generates magnetic reconnection events in the Earth's magnetic field. This eventually sends high-speed electrons and protons into the Earth's upper atmosphere to form aurora. Note: View the impact of...; vdcr_direct_answer; concept_zh=磁场重联; concept_type=自然动态机制; priority=C,data/vdcr_candidate_videos_archive_batch08_v1.csv
vdcr_archive_b08_000004,https://archive.org/details/CIL-10267,internet_archive,archive_license_verify_on_page,41.7,0.0,30.0,physics_physical_systems,Magnetic Reconnection,physics_physical_systems,physics_family_07,"Candidate must show the temporal sequence that instantiates Magnetic Reconnection, not merely an object, scene, or static result.",archive_search_collected; search_term=Magnetic Reconnection; archive_identifier=CIL-10267; archive_file=themisRecon_720p.ogv; title=THEMIS Sees Magnetic Reconnection; description=THEMIS observations confirm for the first time that magnetic reconnection in the magnetotail triggers the onset of substorms. Substorms are the sudden violent eruptions of space weather that release solar energy trapped in the Earth's ma...; vdcr_direct_answer; concept_zh=磁场重联; concept_type=自然动态机制; priority=C,data/vdcr_candidate_videos_archive_batch08_v1.csv
vdcr_archive_b08_000005,https://archive.org/details/CIL-10105,internet_archive,archive_license_verify_on_page,75.0,0.0,30.0,physics_physical_systems,Magnetic Reconnection,physics_physical_systems,physics_family_07,"Candidate must show the temporal sequence that instantiates Magnetic Reconnection, not merely an object, scene, or static result.","archive_search_collected; search_term=Magnetic Reconnection; archive_identifier=CIL-10105; archive_file=MMSOrbit.ogv; title=MMS orbit animation; description=This animation shows the orbits of Magnetospheric Multiscale (MMS) mission, a Solar-Terrestrial Probe mission comprising of four identically instrumented spacecraft that will study the Earth's magnetosphere. Note: Animation of MMS missio...; vdcr_direct_answer; concept_zh=磁场重联; concept_type=自然动态机制; priority=C",data/vdcr_candidate_videos_archive_batch08_v1.csv
vdcr_archive_b08_000006,https://archive.org/details/youtube-L1X8oEbuCUA,internet_archive,archive_license_verify_on_page,67.0,0.0,30.0,physics_physical_systems,Solar Prominence Eruption,physics_physical_systems,physics_family_07,"Candidate must show the temporal sequence that instantiates Solar Prominence Eruption, not merely an object, scene, or static result.","archive_search_collected; search_term=Solar Prominence Eruption; archive_identifier=youtube-L1X8oEbuCUA; archive_file=L1X8oEbuCUA.mp4; title=Sol; description=http://eternallyalone.co.cc A prominence eruption observed by Solar Dynamics Observatory (SDO - AIA) [30 March, 2010] http://sdo.gsfc.nasa.gov/multimedia/movies.php MESSENGER spacecraft flyby [2 August, 2005] http://messenger.jhuapl.edu/...; vdcr_direct_answer; concept_zh=太阳日珥喷发; concept_type=自然动态机制; priority=C",data/vdcr_candidate_videos_archive_batch08_v1.csv
vdcr_archive_b08_000007,https://archive.org/details/youtube-XVINKRi-eUo,internet_archive,archive_license_verify_on_page,53.9,0.0,30.0,physics_physical_systems,Solar Prominence Eruption,physics_physical_systems,physics_family_07,"Candidate must show the temporal sequence that instantiates Solar Prominence Eruption, not merely an object, scene, or static result.",archive_search_collected; search_term=Solar Prominence Eruption; archive_identifier=youtube-XVINKRi-eUo; archive_file=XVINKRi-eUo.mp4; title=Amazing video of massive solar flare erupting from surface of Sun; description=http://www.youtube.com/user/RussiaToday NASA's Solar Dynamic Observatory filmed images of a large solar flare on February 24 2011. The (M3.6 rating) event is not the strongest solar flare ever recorded but was still big enough to kick up...; vdcr_direct_answer; concept_zh=太阳日珥喷发; concept_type=自然动态机制; priority=C,data/vdcr_candidate_videos_archive_batch08_v1.csv
vdcr_archive_b08_000008,https://archive.org/details/NasaConnect-DancingInTheNightSky,internet_archive,archive_license_verify_on_page,1710.1,0.0,30.0,physics_physical_systems,Coronal Mass Ejection,physics_physical_systems,physics_family_07,"Candidate must show the temporal sequence that instantiates Coronal Mass Ejection, not merely an object, scene, or static result.",archive_search_collected; search_term=Coronal Mass Ejection; archive_identifier=NasaConnect-DancingInTheNightSky; archive_file=NASAConnect-DancingInTheNightSky.ogv; title=NASA Connect - Dancing In The Night Sky; description=NASA Connect Video containing five segments as described below. NASA Connect Segment exploring the Aurora Borealis or Northern Lights. This segment exlains this natural phenomena and its history. NASA Connect Segment involving students i...; vdcr_direct_answer; concept_zh=日冕物质抛射; concept_type=自然动态机制; priority=C,data/vdcr_candidate_videos_archive_batch08_v1.csv
vdcr_archive_b08_000009,https://archive.org/details/VE-VID-16618,internet_archive,archive_license_verify_on_page,5.2,0.0,5.2,physics_physical_systems,Coronal Mass Ejection,physics_physical_systems,physics_family_07,"Candidate must show the temporal sequence that instantiates Coronal Mass Ejection, not merely an object, scene, or static result.","archive_search_collected; search_term=Coronal Mass Ejection; archive_identifier=VE-VID-16618; archive_file=flare_soh_2003301_512kb.mp4; title=Massive Solar Flare; description=A massive solar flare erupted from the surface of the Sun at 9:51 UTC on October 28, 2003. The solar flare persisted for more than an hour, peaking at 11:10 UTC. Associated with the flare was an ejection of a billion tons or more of gas...; vdcr_direct_answer; concept_zh=日冕物质抛射; concept_type=自然动态机制; priority=C",data/vdcr_candidate_videos_archive_batch08_v1.csv
vdcr_archive_b08_000010,https://archive.org/details/NasaConnect-Ditns-Sun-earthConnection,internet_archive,archive_license_verify_on_page,387.0,0.0,30.0,physics_physical_systems,Coronal Mass Ejection,physics_physical_systems,physics_family_07,"Candidate must show the temporal sequence that instantiates Coronal Mass Ejection, not merely an object, scene, or static result.",archive_search_collected; search_term=Coronal Mass Ejection; archive_identifier=NasaConnect-Ditns-Sun-earthConnection; archive_file=NASADITNS-SunEarthConnection.ogv; title=NASA Connect - DITNS - Sun-Earth Connection; description=NASA Connect Segment explaining what NASA is doing to explore auroras. The segment also answers questions like what are the phases of the Aurora and how scientists use satellite images to monitor auroras.; vdcr_direct_answer; concept_zh=日冕物质抛射; concept_type=自然动态机制; priority=C,data/vdcr_candidate_videos_archive_batch08_v1.csv
vdcr_archive_b08_000011,https://archive.org/details/CIL-10076,internet_archive,archive_license_verify_on_page,27.7,0.0,27.7,physics_physical_systems,Coronal Mass Ejection,physics_physical_systems,physics_family_07,"Candidate must show the temporal sequence that instantiates Coronal Mass Ejection, not merely an object, scene, or static result.","archive_search_collected; search_term=Coronal Mass Ejection; archive_identifier=CIL-10076; archive_file=Magfields_512kb.mp4; title=Magnetic Fields; description=This computer animation illustrates the Earth's space storm shield in action. The solar wind, a thin, high-velocity electrified gas, or plasma, blows constantly from the Sun at an average speed of 250 miles per second (400 kilometers/sec...; vdcr_direct_answer; concept_zh=日冕物质抛射; concept_type=自然动态机制; priority=C",data/vdcr_candidate_videos_archive_batch08_v1.csv
vdcr_archive_b08_000012,https://archive.org/details/MediaMonarchyEpisode218b,internet_archive,http://creativecommons.org/publicdomain/zero/1.0/,2816.6,0.0,30.0,physics_physical_systems,Coronal Mass Ejection,physics_physical_systems,physics_family_07,"Candidate must show the temporal sequence that instantiates Coronal Mass Ejection, not merely an object, scene, or static result.","archive_search_collected; search_term=Coronal Mass Ejection; archive_identifier=MediaMonarchyEpisode218b; archive_file=20110514_mediamonarchy_episode218b-56kbps.ogg; title=media monarchy episode218b (multimedia); description=multimedia episode218b on youtube / archive "" make a sacrifice for society's sake "" on the multimedia b-side of episode218 from media monarchy w/ cme's & a trip to the moon on cyber/space\war - habemus papam & a prophet of god on holy he...; vdcr_direct_answer; concept_zh=日冕物质抛射; concept_type=自然动态机制; priority=C",data/vdcr_candidate_videos_archive_batch08_v1.csv
vdcr_archive_b08_000013,https://archive.org/details/YouniverseMoblogMovies,internet_archive,archive_license_verify_on_page,15.3,0.0,15.3,biology_living_systems,Convergent Extension,biology_living_systems,biology_family_08,"Candidate must show the temporal sequence that instantiates Convergent Extension, not merely an object, scene, or static result.","archive_search_collected; search_term=Convergent Extension; archive_identifier=YouniverseMoblogMovies; archive_file=YOUmoblogGirlfriends420.ogv; title=YOuniverse Moblog Movies; description=YOU email to a specific address a picture, or in ZKM YOU_ser installation Bluetooth one. YOUr picture 'looks' poetically at other YOUser pictures from around web2.0 and compiles a 'fabula' Moblog Movie, in the ZKM, as a 6-screen sculptur...; vdcr_direct_answer; concept_zh=汇聚延伸运动; concept_type=自然动态机制; priority=C",data/vdcr_candidate_videos_archive_batch08_v1.csv
vdcr_archive_b08_000014,https://archive.org/details/fronto-nasal-encephalocele-encephalocele-of-the-anterior-cranial-base,internet_archive,archive_license_verify_on_page,315.0,0.0,30.0,biology_living_systems,Neural Tube Closure,biology_living_systems,biology_family_08,"Candidate must show the temporal sequence that instantiates Neural Tube Closure, not merely an object, scene, or static result.","archive_search_collected; search_term=Neural Tube Closure; archive_identifier=fronto-nasal-encephalocele-encephalocele-of-the-anterior-cranial-base; archive_file=Fronto-Nasal Encephalocele (Encephalocele of the Anterior Cranial Base).mp4; title=Fronto Nasal Encephalocele ( Encephalocele Of The Anterior Cranial Base); description=Fronto-nasal encephalocele is a type of encephalocele that occurs at the anterior cranial base, typically involving a protrusion of brain tissue through an opening in the skull. This condition is a congenital defect resulting from improp...; vdcr_direct_answer; concept_zh=神经管闭合; concept_type=自然动态机制; priority=C",data/vdcr_candidate_videos_archive_batch08_v1.csv
vdcr_archive_b08_000015,https://archive.org/details/yt_zgLovgnDA6A,internet_archive,archive_license_verify_on_page,300.1,0.0,30.0,biology_living_systems,Epithelial-Mesenchymal Transition,biology_living_systems,biology_family_08,"Candidate must show the temporal sequence that instantiates Epithelial-Mesenchymal Transition, not merely an object, scene, or static result.",archive_search_collected; search_term=Epithelial-Mesenchymal Transition; archive_identifier=yt_zgLovgnDA6A; archive_file=zgLovgnDA6A.ia.mp4; title=U.S. Food and Drug Administration - FDA D.I.S.C.O. Burst Edition: Tepmetko (tepotinib) and Ukoniq (umbralisib) (YouTube); description=Downloaded from U.S. Food and Drug Administration Youtube channel on 2025-02-05 01:15:04 https://youtube.com/watch?v=zgLovgnDA6A -------- Tepmetko (tepotinib): metastatic NSCLC harboring mesenchymal-epithelial transition exon 14 skipping...; vdcr_direct_answer; concept_zh=上皮-间质转化; concept_type=自然动态机制; priority=C,data/vdcr_candidate_videos_archive_batch08_v1.csv
vdcr_archive_b08_000016,https://archive.org/details/Remarque88-olQAuFtFPRsT,internet_archive,https://creativecommons.org/licenses/by-nc-nd/4.0/,701.7,0.0,30.0,biology_living_systems,Epithelial-Mesenchymal Transition,biology_living_systems,biology_family_08,"Candidate must show the temporal sequence that instantiates Epithelial-Mesenchymal Transition, not merely an object, scene, or static result.","archive_search_collected; search_term=Epithelial-Mesenchymal Transition; archive_identifier=Remarque88-olQAuFtFPRsT; archive_file=Remarque88-olQAuFtFPRsT.ia.mp4; title=""TURBO CANCER"" AND GRAPHENE OXIDE POISONATION - REBOOT (SHARE) CENSORED BY YOUR GOVERNMENT; description=THE UGLY TRUTH ISN'T SCI-FI FOLKS....... First posted Nov/22 EPITHELIAL-TO-MESENCHYMAL TRANSITION https://tinyurl.com/yw338kmu EMT AND CANCER - https://pubmed.ncbi.nlm.nih.gov/30043221/ TGF-β Signalling in Cancer - https://pubmed.ncbi.nl...; vdcr_direct_answer; concept_zh=上皮-间质转化; concept_type=自然动态机制; priority=C",data/vdcr_candidate_videos_archive_batch08_v1.csv
vdcr_archive_b08_000017,https://archive.org/details/Remarque88-FjRDANQQj4wT,internet_archive,https://creativecommons.org/licenses/by-nc-nd/4.0/,701.7,0.0,30.0,biology_living_systems,Epithelial-Mesenchymal Transition,biology_living_systems,biology_family_08,"Candidate must show the temporal sequence that instantiates Epithelial-Mesenchymal Transition, not merely an object, scene, or static result.",archive_search_collected; search_term=Epithelial-Mesenchymal Transition; archive_identifier=Remarque88-FjRDANQQj4wT; archive_file=Remarque88-FjRDANQQj4wT.ia.mp4; title=GRAPHENE OXIDE POISONATION REAPER - EMT (SHARE); description=EPITHELIAL-TO-MESENCHYMAL TRANSITION https://tinyurl.com/yw338kmu EMT AND CANCER - https://pubmed.ncbi.nlm.nih.gov/30043221/ TGF-β Signaling in Cancer - https://pubmed.ncbi.nlm.nih.gov/26774024/ 2018 STUDY - https://www.ncbi.nlm.nih.gov/...; vdcr_direct_answer; concept_zh=上皮-间质转化; concept_type=自然动态机制; priority=C,data/vdcr_candidate_videos_archive_batch08_v1.csv
vdcr_archive_b08_000018,https://archive.org/details/youtube-dbEYe65eDdw,internet_archive,archive_license_verify_on_page,192.3,0.0,30.0,earth_environmental_systems,Fault Rupture Propagation,earth_environmental_systems,earth_family_03,"Candidate must show the temporal sequence that instantiates Fault Rupture Propagation, not merely an object, scene, or static result.","archive_search_collected; search_term=Fault Rupture Propagation; archive_identifier=youtube-dbEYe65eDdw; archive_file=dbEYe65eDdw.ia.mp4; title=Pulse-like rupture and curved slip - Analysis of Myanmar earthquake rupture; description=Kearse, J., Kaneko, Y. (2025) Curved fault slip captured by CCTV video during the 2025 Mw 7.7 Myanmar earthquake. The Seismic Record. https://doi.org/10.1785/0320250024 Lead author Jesse Kearse can be contacted at jesse@kearse.co.nz Rupt...; vdcr_direct_answer; concept_zh=断层破裂传播; concept_type=自然动态机制; priority=C",data/vdcr_candidate_videos_archive_batch08_v1.csv
vdcr_archive_b08_000019,https://archive.org/details/tributeskyking_202204,internet_archive,archive_license_verify_on_page,116.7,0.0,30.0,earth_environmental_systems,Glacier Creep,earth_environmental_systems,earth_family_05,"Candidate must show the temporal sequence that instantiates Glacier Creep, not merely an object, scene, or static result.","archive_search_collected; search_term=Glacier Creep; archive_identifier=tributeskyking_202204; archive_file=Stepbrother of Richard _Beebo_ Russell talks about stolen plane incident_360p.ia.mp4; title=tributeskyking; description=His name was Richard Russel 29-year-old Richard “Beeboo” Russell, who stole and flew an empty Horizon Air Bombardier Q400. The FBI noted that Russell wrote about then-President Donald Trump and the effects his immigration policies were h...; vdcr_direct_answer; concept_zh=冰川塑性蠕变; concept_type=自然动态机制; priority=C",data/vdcr_candidate_videos_archive_batch08_v1.csv
vdcr_archive_b08_000020,https://archive.org/details/45984-castle-films-glacier-national-park_202103,internet_archive,archive_license_verify_on_page,585.0,0.0,30.0,earth_environmental_systems,Glacier Creep,earth_environmental_systems,earth_family_05,"Candidate must show the temporal sequence that instantiates Glacier Creep, not merely an object, scene, or static result.","archive_search_collected; search_term=Glacier Creep; archive_identifier=45984-castle-films-glacier-national-park_202103; archive_file=45984 Castle Films Glacier National Park.mp4; title=1945 CASTLE FILMS TRAVELOGUE “ GLACIER NATIONAL PARK ” MONTANA ROCKY MOUNTAINS 45984; description=This travelogue film, presented by Castle Films was one of a series sold for the home market called ""The World Parade"". They were commonly sold in department stores and camera shops. This film shows Glacier National Park, a 1,583 square...; vdcr_direct_answer; concept_zh=冰川塑性蠕变; concept_type=自然动态机制; priority=C",data/vdcr_candidate_videos_archive_batch08_v1.csv
vdcr_archive_b08_000021,https://archive.org/details/planet_earth_2_bbc,internet_archive,archive_license_verify_on_page,3669.8,0.0,30.0,earth_environmental_systems,Sea-Cliff Retreat,earth_environmental_systems,earth_family_08,"Candidate must show the temporal sequence that instantiates Sea-Cliff Retreat, not merely an object, scene, or static result.","archive_search_collected; search_term=Sea-Cliff Retreat; archive_identifier=planet_earth_2_bbc; archive_file=planet_earth_ii_06_cities.mp4; title=Planet Earth II BBC ★ Nature Series with Subtitles and MKV; description=Planet Earth II ★ Nature Series with English subtitles - and MKV ""Master"" Versions . _ . I found the original DVD source materials here: https://archive.org/details/green-planet-isos I am grateful to RatterFat Video for posting this! Tha...; vdcr_direct_answer; concept_zh=海蚀崖后退; concept_type=自然动态机制; priority=C",data/vdcr_candidate_videos_archive_batch08_v1.csv
vdcr_archive_b08_000022,https://archive.org/details/america13themoreabundantlifereel2,internet_archive,archive_license_verify_on_page,1433.8,0.0,30.0,earth_environmental_systems,Sea-Cliff Retreat,earth_environmental_systems,earth_family_08,"Candidate must show the temporal sequence that instantiates Sea-Cliff Retreat, not merely an object, scene, or static result.",archive_search_collected; search_term=Sea-Cliff Retreat; archive_identifier=america13themoreabundantlifereel2; archive_file=america13themoreabundantlifereel1.ogv; title=America:13 the More Abundant Life; description=; vdcr_direct_answer; concept_zh=海蚀崖后退; concept_type=自然动态机制; priority=C,data/vdcr_candidate_videos_archive_batch08_v1.csv
vdcr_archive_b08_000023,https://archive.org/details/gullivers-travels-1939,internet_archive,http://creativecommons.org/publicdomain/mark/1.0/,4581.2,0.0,30.0,earth_environmental_systems,Sea-Cliff Retreat,earth_environmental_systems,earth_family_08,"Candidate must show the temporal sequence that instantiates Sea-Cliff Retreat, not merely an object, scene, or static result.","archive_search_collected; search_term=Sea-Cliff Retreat; archive_identifier=gullivers-travels-1939; archive_file=Gulliver's Travels (1939).ia.mp4; title=Gulliver's Travels (1939); description=On November 5, 1699, Lemuel Gulliver washes onto the beach of Lilliput after a storm at sea and ultimate shipwreck. Following the calm of the storm, the town crier Gabby stumbles across Gulliver in terror (""All's Well"") and rushes back t...; vdcr_direct_answer; concept_zh=海蚀崖后退; concept_type=自然动态机制; priority=C",data/vdcr_candidate_videos_archive_batch08_v1.csv
vdcr_archive_b08_000024,https://archive.org/details/scm-191974-c4iforjan78am-newyear-oldyear,internet_archive,http://creativecommons.org/licenses/by-nc-nd/3.0/,3499.6,0.0,30.0,earth_environmental_systems,Sea-Cliff Retreat,earth_environmental_systems,earth_family_08,"Candidate must show the temporal sequence that instantiates Sea-Cliff Retreat, not merely an object, scene, or static result.","archive_search_collected; search_term=Sea-Cliff Retreat; archive_identifier=scm-191974-c4iforjan78am-newyear-oldyear; archive_file=c4i_13-_01-07_newyear.ogv; title=C4I for Jan 7 8 AM - New Year - Stew Webb; description=Jan 8. UPDATE NOTE: Show did not air as scheduled at Midnight Sunday night - some unknown technical glitch, according to staff. Just got word that it will be repeated on Thurs at 4 PM and Friday at 5 PM. OR - watch it here: Join Patricia...; vdcr_direct_answer; concept_zh=海蚀崖后退; concept_type=自然动态机制; priority=C",data/vdcr_candidate_videos_archive_batch08_v1.csv
